LOCAL,NM_VOTAVEL,DS_CARGO_PERGUNTA,SG_PARTIDO,NR_VOTAVEL,QT_VOTOS,LATITUDE,LONGITUDE
CABANA GRUPELLI,Branco,Prefeito,#NULO#,95,11,-31.45571,-52.51043
CABANA GRUPELLI,MARCIANO PERONDI,Prefeito,PL,22,192,-31.45571,-52.51043
CABANA GRUPELLI,MARRONI,Prefeito,PT,13,81,-31.45571,-52.51043
CABANA GRUPELLI,Nulo,Prefeito,#NULO#,96,5,-31.45571,-52.51043
CAMPUS II,Branco,Prefeito,#NULO#,95,45,-31.77623,-52.33931
CAMPUS II,MARCIANO PERONDI,Prefeito,PL,22,682,-31.77623,-52.33931
CAMPUS II,MARRONI,Prefeito,PT,13,1128,-31.77623,-52.33931
CAMPUS II,Nulo,Prefeito,#NULO#,96,51,-31.77623,-52.33931
CASA COMERCIAL SR HUGO STARK,Branco,Prefeito,#NULO#,95,7,-31.46644,-52.21559
CASA COMERCIAL SR HUGO STARK,MARCIANO PERONDI,Prefeito,PL,22,240,-31.46644,-52.21559
CASA COMERCIAL SR HUGO STARK,MARRONI,Prefeito,PT,13,68,-31.46644,-52.21559
CASA COMERCIAL SR HUGO STARK,Nulo,Prefeito,#NULO#,96,3,-31.46644,-52.21559
CASA COMERCIAL SR ROBERTO HINZ,Branco,Prefeito,#NULO#,95,3,-31.38924,-52.46786
CASA COMERCIAL SR ROBERTO HINZ,MARCIANO PERONDI,Prefeito,PL,22,479,-31.38924,-52.46786
CASA COMERCIAL SR ROBERTO HINZ,MARRONI,Prefeito,PT,13,113,-31.38924,-52.46786
CASA COMERCIAL SR ROBERTO HINZ,Nulo,Prefeito,#NULO#,96,2,-31.38924,-52.46786
CASE PELOTAS,Branco,Prefeito,#NULO#,95,1,-31.73412,-52.33146
CASE PELOTAS,MARCIANO PERONDI,Prefeito,PL,22,2,-31.73412,-52.33146
CASE PELOTAS,MARRONI,Prefeito,PT,13,12,-31.73412,-52.33146
CASE PELOTAS,Nulo,Prefeito,#NULO#,96,1,-31.73412,-52.33146
CATEDRAL DO REDENTOR,Branco,Prefeito,#NULO#,95,12,-31.77243,-52.34272
CATEDRAL DO REDENTOR,MARCIANO PERONDI,Prefeito,PL,22,284,-31.77243,-52.34272
CATEDRAL DO REDENTOR,MARRONI,Prefeito,PT,13,291,-31.77243,-52.34272
CATEDRAL DO REDENTOR,Nulo,Prefeito,#NULO#,96,12,-31.77243,-52.34272
CAVG,Branco,Prefeito,#NULO#,95,44,-31.71648,-52.30871
CAVG,MARCIANO PERONDI,Prefeito,PL,22,867,-31.71648,-52.30871
CAVG,MARRONI,Prefeito,PT,13,718,-31.71648,-52.30871
CAVG,Nulo,Prefeito,#NULO#,96,59,-31.71648,-52.30871
CENTRO PORTUGUÊS,Branco,Prefeito,#NULO#,95,19,-31.75919,-52.27166
CENTRO PORTUGUÊS,MARCIANO PERONDI,Prefeito,PL,22,424,-31.75919,-52.27166
CENTRO PORTUGUÊS,MARRONI,Prefeito,PT,13,341,-31.75919,-52.27166
CENTRO PORTUGUÊS,Nulo,Prefeito,#NULO#,96,18,-31.75919,-52.27166
CLUBE BRILHANTE,Branco,Prefeito,#NULO#,95,102,-31.75286,-52.33431
CLUBE BRILHANTE,MARCIANO PERONDI,Prefeito,PL,22,2043,-31.75286,-52.33431
CLUBE BRILHANTE,MARRONI,Prefeito,PT,13,1876,-31.75286,-52.33431
CLUBE BRILHANTE,Nulo,Prefeito,#NULO#,96,98,-31.75286,-52.33431
CLUBE DIAMANTINOS,Branco,Prefeito,#NULO#,95,34,-31.76409,-52.33644
CLUBE DIAMANTINOS,MARCIANO PERONDI,Prefeito,PL,22,561,-31.76409,-52.33644
CLUBE DIAMANTINOS,MARRONI,Prefeito,PT,13,564,-31.76409,-52.33644
CLUBE DIAMANTINOS,Nulo,Prefeito,#NULO#,96,31,-31.76409,-52.33644
COLÉGIO DOM JOÃO BRAGA,Branco,Prefeito,#NULO#,95,101,-31.76825,-52.33275
COLÉGIO DOM JOÃO BRAGA,MARCIANO PERONDI,Prefeito,PL,22,1508,-31.76825,-52.33275
COLÉGIO DOM JOÃO BRAGA,MARRONI,Prefeito,PT,13,2389,-31.76825,-52.33275
COLÉGIO DOM JOÃO BRAGA,Nulo,Prefeito,#NULO#,96,107,-31.76825,-52.33275
COLÉGIO FÉLIX DA CUNHA,Branco,Prefeito,#NULO#,95,45,-31.77965,-52.34066
COLÉGIO FÉLIX DA CUNHA,MARCIANO PERONDI,Prefeito,PL,22,496,-31.77965,-52.34066
COLÉGIO FÉLIX DA CUNHA,MARRONI,Prefeito,PT,13,776,-31.77965,-52.34066
COLÉGIO FÉLIX DA CUNHA,Nulo,Prefeito,#NULO#,96,35,-31.77965,-52.34066
COLÉGIO GONZAGA,Branco,Prefeito,#NULO#,95,79,-31.76324,-52.33843
COLÉGIO GONZAGA,MARCIANO PERONDI,Prefeito,PL,22,1459,-31.76324,-52.33843
COLÉGIO GONZAGA,MARRONI,Prefeito,PT,13,1387,-31.76324,-52.33843
COLÉGIO GONZAGA,Nulo,Prefeito,#NULO#,96,79,-31.76324,-52.33843
COLÉGIO PELOTENSE,Branco,Prefeito,#NULO#,95,151,-31.75946,-52.34645
COLÉGIO PELOTENSE,MARCIANO PERONDI,Prefeito,PL,22,2373,-31.75946,-52.34645
COLÉGIO PELOTENSE,MARRONI,Prefeito,PT,13,2522,-31.75946,-52.34645
COLÉGIO PELOTENSE,Nulo,Prefeito,#NULO#,96,163,-31.75946,-52.34645
COLÉGIO SINODAL ALFREDO SIMON,Branco,Prefeito,#NULO#,95,111,-31.71275,-52.34844
COLÉGIO SINODAL ALFREDO SIMON,MARCIANO PERONDI,Prefeito,PL,22,2069,-31.71275,-52.34844
COLÉGIO SINODAL ALFREDO SIMON,MARRONI,Prefeito,PT,13,1627,-31.71275,-52.34844
COLÉGIO SINODAL ALFREDO SIMON,Nulo,Prefeito,#NULO#,96,130,-31.71275,-52.34844
COLÉGIO SÃO JOSÉ,Branco,Prefeito,#NULO#,95,74,-31.77525,-52.34166
COLÉGIO SÃO JOSÉ,MARCIANO PERONDI,Prefeito,PL,22,1335,-31.77525,-52.34166
COLÉGIO SÃO JOSÉ,MARRONI,Prefeito,PT,13,1732,-31.77525,-52.34166
COLÉGIO SÃO JOSÉ,Nulo,Prefeito,#NULO#,96,64,-31.77525,-52.34166
COMUN EVANG SÃO JOÃO,Branco,Prefeito,#NULO#,95,10,-31.75948,-52.33714
COMUN EVANG SÃO JOÃO,MARCIANO PERONDI,Prefeito,PL,22,252,-31.75948,-52.33714
COMUN EVANG SÃO JOÃO,MARRONI,Prefeito,PT,13,230,-31.75948,-52.33714
COMUN EVANG SÃO JOÃO,Nulo,Prefeito,#NULO#,96,18,-31.75948,-52.33714
COMUNIDADE ANGLICANA SÃO PAULO,Branco,Prefeito,#NULO#,95,6,-31.52121,-52.52562
COMUNIDADE ANGLICANA SÃO PAULO,MARCIANO PERONDI,Prefeito,PL,22,97,-31.52121,-52.52562
COMUNIDADE ANGLICANA SÃO PAULO,MARRONI,Prefeito,PT,13,30,-31.52121,-52.52562
COMUNIDADE ANGLICANA SÃO PAULO,Nulo,Prefeito,#NULO#,96,4,-31.52121,-52.52562
COMUNIDADE CATÓLICA NOSSA SENHORA DAS GRAÇAS,Branco,Prefeito,#NULO#,95,3,-31.65276,-52.44201
COMUNIDADE CATÓLICA NOSSA SENHORA DAS GRAÇAS,MARCIANO PERONDI,Prefeito,PL,22,16,-31.65276,-52.44201
COMUNIDADE CATÓLICA NOSSA SENHORA DAS GRAÇAS,MARRONI,Prefeito,PT,13,22,-31.65276,-52.44201
COMUNIDADE CATÓLICA NOSSA SENHORA DAS GRAÇAS,Nulo,Prefeito,#NULO#,96,1,-31.65276,-52.44201
COMUNIDADE CATÓLICA SÃO FRANCISCO DE ASSIS,Branco,Prefeito,#NULO#,95,3,-31.54866,-52.58326
COMUNIDADE CATÓLICA SÃO FRANCISCO DE ASSIS,MARCIANO PERONDI,Prefeito,PL,22,32,-31.54866,-52.58326
COMUNIDADE CATÓLICA SÃO FRANCISCO DE ASSIS,MARRONI,Prefeito,PT,13,18,-31.54866,-52.58326
COMUNIDADE CATÓLICA SÃO FRANCISCO DE ASSIS,Nulo,Prefeito,#NULO#,96,4,-31.54866,-52.58326
COMUNIDADE COLÔNIA RAMOS,Branco,Prefeito,#NULO#,95,5,-31.55683,-52.35886
COMUNIDADE COLÔNIA RAMOS,MARCIANO PERONDI,Prefeito,PL,22,131,-31.55683,-52.35886
COMUNIDADE COLÔNIA RAMOS,MARRONI,Prefeito,PT,13,48,-31.55683,-52.35886
COMUNIDADE COLÔNIA RAMOS,Nulo,Prefeito,#NULO#,96,8,-31.55683,-52.35886
COMUNIDADE EVANGÉLICA MARTIN LUTERO,Branco,Prefeito,#NULO#,95,44,-31.70065,-52.33928
COMUNIDADE EVANGÉLICA MARTIN LUTERO,MARCIANO PERONDI,Prefeito,PL,22,768,-31.70065,-52.33928
COMUNIDADE EVANGÉLICA MARTIN LUTERO,MARRONI,Prefeito,PT,13,624,-31.70065,-52.33928
COMUNIDADE EVANGÉLICA MARTIN LUTERO,Nulo,Prefeito,#NULO#,96,44,-31.70065,-52.33928
COMUNIDADE LUTERANA TRIUNFO,Branco,Prefeito,#NULO#,95,2,-31.36112,-52.48737
COMUNIDADE LUTERANA TRIUNFO,MARCIANO PERONDI,Prefeito,PL,22,114,-31.36112,-52.48737
COMUNIDADE LUTERANA TRIUNFO,MARRONI,Prefeito,PT,13,7,-31.36112,-52.48737
COMUNIDADE SANTA RITA,Branco,Prefeito,#NULO#,95,3,-31.57972,-52.5358
COMUNIDADE SANTA RITA,MARCIANO PERONDI,Prefeito,PL,22,153,-31.57972,-52.5358
COMUNIDADE SANTA RITA,MARRONI,Prefeito,PT,13,64,-31.57972,-52.5358
COMUNIDADE SANTA RITA,Nulo,Prefeito,#NULO#,96,6,-31.57972,-52.5358
COMUNIDADE SÃO MATEUS,Branco,Prefeito,#NULO#,95,7,-31.4594,-52.55681
COMUNIDADE SÃO MATEUS,MARCIANO PERONDI,Prefeito,PL,22,212,-31.4594,-52.55681
COMUNIDADE SÃO MATEUS,MARRONI,Prefeito,PT,13,56,-31.4594,-52.55681
COMUNIDADE SÃO MATEUS,Nulo,Prefeito,#NULO#,96,3,-31.4594,-52.55681
COMUNIDADE SÃO PEDRO,Branco,Prefeito,#NULO#,95,7,-31.57585,-52.37173
COMUNIDADE SÃO PEDRO,MARCIANO PERONDI,Prefeito,PL,22,273,-31.57585,-52.37173
COMUNIDADE SÃO PEDRO,MARRONI,Prefeito,PT,13,40,-31.57585,-52.37173
COMUNIDADE SÃO PEDRO,Nulo,Prefeito,#NULO#,96,2,-31.57585,-52.37173
COMUNIDADE SÉRIE PRIMEIRA,Branco,Prefeito,#NULO#,95,6,-31.53182,-52.32889
COMUNIDADE SÉRIE PRIMEIRA,MARCIANO PERONDI,Prefeito,PL,22,284,-31.53182,-52.32889
COMUNIDADE SÉRIE PRIMEIRA,MARRONI,Prefeito,PT,13,70,-31.53182,-52.32889
COMUNIDADE SÉRIE PRIMEIRA,Nulo,Prefeito,#NULO#,96,3,-31.53182,-52.32889
CÍRCULO OPERÁRIO PELOTENSE,Branco,Prefeito,#NULO#,95,31,-31.7557,-52.32934
CÍRCULO OPERÁRIO PELOTENSE,MARCIANO PERONDI,Prefeito,PL,22,538,-31.7557,-52.32934
CÍRCULO OPERÁRIO PELOTENSE,MARRONI,Prefeito,PT,13,612,-31.7557,-52.32934
CÍRCULO OPERÁRIO PELOTENSE,Nulo,Prefeito,#NULO#,96,42,-31.7557,-52.32934
DUNAS CLUBE,Branco,Prefeito,#NULO#,95,101,-31.75124,-52.30159
DUNAS CLUBE,MARCIANO PERONDI,Prefeito,PL,22,1478,-31.75124,-52.30159
DUNAS CLUBE,MARRONI,Prefeito,PT,13,1389,-31.75124,-52.30159
DUNAS CLUBE,Nulo,Prefeito,#NULO#,96,89,-31.75124,-52.30159
E.E.E.F. N. SRA. DOS NAVEGANTES,Branco,Prefeito,#NULO#,95,63,-31.77079,-52.3196
E.E.E.F. N. SRA. DOS NAVEGANTES,MARCIANO PERONDI,Prefeito,PL,22,798,-31.77079,-52.3196
E.E.E.F. N. SRA. DOS NAVEGANTES,MARRONI,Prefeito,PT,13,1351,-31.77079,-52.3196
E.E.E.F. N. SRA. DOS NAVEGANTES,Nulo,Prefeito,#NULO#,96,64,-31.77079,-52.3196
EAEF PROF ULINA BENTO LOPES,Branco,Prefeito,#NULO#,95,23,-31.77377,-52.32403
EAEF PROF ULINA BENTO LOPES,MARCIANO PERONDI,Prefeito,PL,22,338,-31.77377,-52.32403
EAEF PROF ULINA BENTO LOPES,MARRONI,Prefeito,PT,13,478,-31.77377,-52.32403
EAEF PROF ULINA BENTO LOPES,Nulo,Prefeito,#NULO#,96,24,-31.77377,-52.32403
EEEF CASTRO ALVES,Branco,Prefeito,#NULO#,95,19,-31.7741,-52.34575
EEEF CASTRO ALVES,MARCIANO PERONDI,Prefeito,PL,22,447,-31.7741,-52.34575
EEEF CASTRO ALVES,MARRONI,Prefeito,PT,13,487,-31.7741,-52.34575
EEEF CASTRO ALVES,Nulo,Prefeito,#NULO#,96,25,-31.7741,-52.34575
EEEF CORONEL PEDRO OSÓRIO,Branco,Prefeito,#NULO#,95,35,-31765,-52.34205
EEEF CORONEL PEDRO OSÓRIO,MARCIANO PERONDI,Prefeito,PL,22,602,-31765,-52.34205
EEEF CORONEL PEDRO OSÓRIO,MARRONI,Prefeito,PT,13,700,-31765,-52.34205
EEEF CORONEL PEDRO OSÓRIO,Nulo,Prefeito,#NULO#,96,37,-31765,-52.34205
EEEF DIRCEU MOREIRA,Branco,Prefeito,#NULO#,95,4,-31.4446,-52.3131
EEEF DIRCEU MOREIRA,MARCIANO PERONDI,Prefeito,PL,22,425,-31.4446,-52.3131
EEEF DIRCEU MOREIRA,MARRONI,Prefeito,PT,13,70,-31.4446,-52.3131
EEEF DR PROCÓPIO DUVAL,Branco,Prefeito,#NULO#,95,16,-31.71271,-52.3545
EEEF DR PROCÓPIO DUVAL,MARCIANO PERONDI,Prefeito,PL,22,219,-31.71271,-52.3545
EEEF DR PROCÓPIO DUVAL,MARRONI,Prefeito,PT,13,162,-31.71271,-52.3545
EEEF DR PROCÓPIO DUVAL,Nulo,Prefeito,#NULO#,96,38,-31.71271,-52.3545
EEEF DR. FRANKLIN OLIVE LEITE,Branco,Prefeito,#NULO#,95,82,-31.70898,-52.34734
EEEF DR. FRANKLIN OLIVE LEITE,MARCIANO PERONDI,Prefeito,PL,22,1490,-31.70898,-52.34734
EEEF DR. FRANKLIN OLIVE LEITE,MARRONI,Prefeito,PT,13,1334,-31.70898,-52.34734
EEEF DR. FRANKLIN OLIVE LEITE,Nulo,Prefeito,#NULO#,96,91,-31.70898,-52.34734
EEEF FERNANDO TREPTOW,Branco,Prefeito,#NULO#,95,78,-31.75714,-52.36719
EEEF FERNANDO TREPTOW,MARCIANO PERONDI,Prefeito,PL,22,1290,-31.75714,-52.36719
EEEF FERNANDO TREPTOW,MARRONI,Prefeito,PT,13,1326,-31.75714,-52.36719
EEEF FERNANDO TREPTOW,Nulo,Prefeito,#NULO#,96,94,-31.75714,-52.36719
EEEF JARDIM DE ALLAH,Branco,Prefeito,#NULO#,95,23,-31.68505,-52.34036
EEEF JARDIM DE ALLAH,MARCIANO PERONDI,Prefeito,PL,22,526,-31.68505,-52.34036
EEEF JARDIM DE ALLAH,MARRONI,Prefeito,PT,13,353,-31.68505,-52.34036
EEEF JARDIM DE ALLAH,Nulo,Prefeito,#NULO#,96,23,-31.68505,-52.34036
EEEF JOSÉ BRUSQUE FILHO,Branco,Prefeito,#NULO#,95,54,-31.77857,-52.33042
EEEF JOSÉ BRUSQUE FILHO,MARCIANO PERONDI,Prefeito,PL,22,644,-31.77857,-52.33042
EEEF JOSÉ BRUSQUE FILHO,MARRONI,Prefeito,PT,13,971,-31.77857,-52.33042
EEEF JOSÉ BRUSQUE FILHO,Nulo,Prefeito,#NULO#,96,43,-31.77857,-52.33042
EEEF NOSSA SENHORA APARECIDA,Branco,Prefeito,#NULO#,95,22,-31.76881,-52.36175
EEEF NOSSA SENHORA APARECIDA,MARCIANO PERONDI,Prefeito,PL,22,222,-31.76881,-52.36175
EEEF NOSSA SENHORA APARECIDA,MARRONI,Prefeito,PT,13,377,-31.76881,-52.36175
EEEF NOSSA SENHORA APARECIDA,Nulo,Prefeito,#NULO#,96,33,-31.76881,-52.36175
EEEF NOSSA SENHORA DE FATIMA,Branco,Prefeito,#NULO#,95,140,-31.74213,-52.38991
EEEF NOSSA SENHORA DE FATIMA,MARCIANO PERONDI,Prefeito,PL,22,2052,-31.74213,-52.38991
EEEF NOSSA SENHORA DE FATIMA,MARRONI,Prefeito,PT,13,1828,-31.74213,-52.38991
EEEF NOSSA SENHORA DE FATIMA,Nulo,Prefeito,#NULO#,96,142,-31.74213,-52.38991
EEEF PADRE RAMBO,Branco,Prefeito,#NULO#,95,50,-31.77266,-52.33084
EEEF PADRE RAMBO,MARCIANO PERONDI,Prefeito,PL,22,828,-31.77266,-52.33084
EEEF PADRE RAMBO,MARRONI,Prefeito,PT,13,1329,-31.77266,-52.33084
EEEF PADRE RAMBO,Nulo,Prefeito,#NULO#,96,58,-31.77266,-52.33084
EEEF PARQUE DO OBELISCO,Branco,Prefeito,#NULO#,95,27,-31.74211,-52.30367
EEEF PARQUE DO OBELISCO,MARCIANO PERONDI,Prefeito,PL,22,483,-31.74211,-52.30367
EEEF PARQUE DO OBELISCO,MARRONI,Prefeito,PT,13,574,-31.74211,-52.30367
EEEF PARQUE DO OBELISCO,Nulo,Prefeito,#NULO#,96,31,-31.74211,-52.30367
EEEF PROF LUIZ CARLOS CORREA DA SILVA,Branco,Prefeito,#NULO#,95,65,-31.74423,-52.37019
EEEF PROF LUIZ CARLOS CORREA DA SILVA,MARCIANO PERONDI,Prefeito,PL,22,1034,-31.74423,-52.37019
EEEF PROF LUIZ CARLOS CORREA DA SILVA,MARRONI,Prefeito,PT,13,1375,-31.74423,-52.37019
EEEF PROF LUIZ CARLOS CORREA DA SILVA,Nulo,Prefeito,#NULO#,96,85,-31.74423,-52.37019
EEEF PROF LÉLIA ROMANELLI OLMOS,Branco,Prefeito,#NULO#,95,38,-31.74768,-52.29726
EEEF PROF LÉLIA ROMANELLI OLMOS,MARCIANO PERONDI,Prefeito,PL,22,717,-31.74768,-52.29726
EEEF PROF LÉLIA ROMANELLI OLMOS,MARRONI,Prefeito,PT,13,871,-31.74768,-52.29726
EEEF PROF LÉLIA ROMANELLI OLMOS,Nulo,Prefeito,#NULO#,96,49,-31.74768,-52.29726
EEEF RACHEL MELLO,Branco,Prefeito,#NULO#,95,47,-31.69454,-52.29366
EEEF RACHEL MELLO,MARCIANO PERONDI,Prefeito,PL,22,1125,-31.69454,-52.29366
EEEF RACHEL MELLO,MARRONI,Prefeito,PT,13,747,-31.69454,-52.29366
EEEF RACHEL MELLO,Nulo,Prefeito,#NULO#,96,54,-31.69454,-52.29366
EEEF SANTA EULÁLIA,Branco,Prefeito,#NULO#,95,26,-31.58012,-52.4518
EEEF SANTA EULÁLIA,MARCIANO PERONDI,Prefeito,PL,22,199,-31.58012,-52.4518
EEEF SANTA EULÁLIA,MARRONI,Prefeito,PT,13,101,-31.58012,-52.4518
EEEF SANTA EULÁLIA,Nulo,Prefeito,#NULO#,96,14,-31.58012,-52.4518
EEEF SANTO ANTÔNIO,Branco,Prefeito,#NULO#,95,44,-31.72666,-52.34328
EEEF SANTO ANTÔNIO,MARCIANO PERONDI,Prefeito,PL,22,1162,-31.72666,-52.34328
EEEF SANTO ANTÔNIO,MARRONI,Prefeito,PT,13,963,-31.72666,-52.34328
EEEF SANTO ANTÔNIO,Nulo,Prefeito,#NULO#,96,58,-31.72666,-52.34328
EEEF VISC DE SOUZA SOARES,Branco,Prefeito,#NULO#,95,25,-31.75663,-52.38993
EEEF VISC DE SOUZA SOARES,MARCIANO PERONDI,Prefeito,PL,22,550,-31.75663,-52.38993
EEEF VISC DE SOUZA SOARES,MARRONI,Prefeito,PT,13,407,-31.75663,-52.38993
EEEF VISC DE SOUZA SOARES,Nulo,Prefeito,#NULO#,96,35,-31.75663,-52.38993
EEEM ADOLFO FETTER,Branco,Prefeito,#NULO#,95,133,-31.71541,-52.34244
EEEM ADOLFO FETTER,MARCIANO PERONDI,Prefeito,PL,22,1981,-31.71541,-52.34244
EEEM ADOLFO FETTER,MARRONI,Prefeito,PT,13,1606,-31.71541,-52.34244
EEEM ADOLFO FETTER,Nulo,Prefeito,#NULO#,96,151,-31.71541,-52.34244
EEEM ANTÔNIO LEIVAS LEITE,Branco,Prefeito,#NULO#,95,113,-31.7264,-52.33086
EEEM ANTÔNIO LEIVAS LEITE,MARCIANO PERONDI,Prefeito,PL,22,1465,-31.7264,-52.33086
EEEM ANTÔNIO LEIVAS LEITE,MARRONI,Prefeito,PT,13,1864,-31.7264,-52.33086
EEEM ANTÔNIO LEIVAS LEITE,Nulo,Prefeito,#NULO#,96,122,-31.7264,-52.33086
EEEM AREAL,Branco,Prefeito,#NULO#,95,114,-31.75278,-52308
EEEM AREAL,MARCIANO PERONDI,Prefeito,PL,22,2340,-31.75278,-52308
EEEM AREAL,MARRONI,Prefeito,PT,13,2358,-31.75278,-52308
EEEM AREAL,Nulo,Prefeito,#NULO#,96,159,-31.75278,-52308
EEEM DR AMÍLCAR GIGANTE,Branco,Prefeito,#NULO#,95,13,-31.70857,-52.32753
EEEM DR AMÍLCAR GIGANTE,MARCIANO PERONDI,Prefeito,PL,22,100,-31.70857,-52.32753
EEEM DR AMÍLCAR GIGANTE,MARRONI,Prefeito,PT,13,149,-31.70857,-52.32753
EEEM DR AMÍLCAR GIGANTE,Nulo,Prefeito,#NULO#,96,9,-31.70857,-52.32753
EEEM DR. AUGUSTO SIMOES LOPES,Branco,Prefeito,#NULO#,95,78,-31.77226,-52.35603
EEEM DR. AUGUSTO SIMOES LOPES,MARCIANO PERONDI,Prefeito,PL,22,1041,-31.77226,-52.35603
EEEM DR. AUGUSTO SIMOES LOPES,MARRONI,Prefeito,PT,13,1452,-31.77226,-52.35603
EEEM DR. AUGUSTO SIMOES LOPES,Nulo,Prefeito,#NULO#,96,109,-31.77226,-52.35603
EEEM DR. EDMAR FETTER,Branco,Prefeito,#NULO#,95,34,-31.75413,-52.24012
EEEM DR. EDMAR FETTER,MARCIANO PERONDI,Prefeito,PL,22,688,-31.75413,-52.24012
EEEM DR. EDMAR FETTER,MARRONI,Prefeito,PT,13,812,-31.75413,-52.24012
EEEM DR. EDMAR FETTER,Nulo,Prefeito,#NULO#,96,49,-31.75413,-52.24012
EEEM JOAQUIM DUVAL,Branco,Prefeito,#NULO#,95,95,-31.71833,-52.35039
EEEM JOAQUIM DUVAL,MARCIANO PERONDI,Prefeito,PL,22,1756,-31.71833,-52.35039
EEEM JOAQUIM DUVAL,MARRONI,Prefeito,PT,13,1385,-31.71833,-52.35039
EEEM JOAQUIM DUVAL,Nulo,Prefeito,#NULO#,96,109,-31.71833,-52.35039
EEEM MARECHAL RONDON,Branco,Prefeito,#NULO#,95,32,-31.62712,-52.43998
EEEM MARECHAL RONDON,MARCIANO PERONDI,Prefeito,PL,22,406,-31.62712,-52.43998
EEEM MARECHAL RONDON,MARRONI,Prefeito,PT,13,323,-31.62712,-52.43998
EEEM MARECHAL RONDON,Nulo,Prefeito,#NULO#,96,25,-31.62712,-52.43998
EEEM OSMAR DA ROCHA GRAFULHA - CIEP,Branco,Prefeito,#NULO#,95,210,-31.75511,-52.38363
EEEM OSMAR DA ROCHA GRAFULHA - CIEP,MARCIANO PERONDI,Prefeito,PL,22,3625,-31.75511,-52.38363
EEEM OSMAR DA ROCHA GRAFULHA - CIEP,MARRONI,Prefeito,PT,13,3391,-31.75511,-52.38363
EEEM OSMAR DA ROCHA GRAFULHA - CIEP,Nulo,Prefeito,#NULO#,96,297,-31.75511,-52.38363
EEEP JOÃO XXIII,Branco,Prefeito,#NULO#,95,23,-31.76868,-52.3396
EEEP JOÃO XXIII,MARCIANO PERONDI,Prefeito,PL,22,474,-31.76868,-52.3396
EEEP JOÃO XXIII,MARRONI,Prefeito,PT,13,390,-31.76868,-52.3396
EEEP JOÃO XXIII,Nulo,Prefeito,#NULO#,96,22,-31.76868,-52.3396
EEMI IVANIR DIAS,MARCIANO PERONDI,Prefeito,PL,22,36,-31.73003,-52.33516
EEMI IVANIR DIAS,MARRONI,Prefeito,PT,13,50,-31.73003,-52.33516
EEMI IVANIR DIAS,Nulo,Prefeito,#NULO#,96,1,-31.73003,-52.33516
EMEF ANTONIO JOAQUIM DIAS,Branco,Prefeito,#NULO#,95,19,-31.72879,-52.4058
EMEF ANTONIO JOAQUIM DIAS,MARCIANO PERONDI,Prefeito,PL,22,404,-31.72879,-52.4058
EMEF ANTONIO JOAQUIM DIAS,MARRONI,Prefeito,PT,13,233,-31.72879,-52.4058
EMEF ANTONIO JOAQUIM DIAS,Nulo,Prefeito,#NULO#,96,15,-31.72879,-52.4058
EMEF ANTÔNIO RONNA,Branco,Prefeito,#NULO#,95,55,-31.65243,-52.33338
EMEF ANTÔNIO RONNA,MARCIANO PERONDI,Prefeito,PL,22,1129,-31.65243,-52.33338
EMEF ANTÔNIO RONNA,MARRONI,Prefeito,PT,13,768,-31.65243,-52.33338
EMEF ANTÔNIO RONNA,Nulo,Prefeito,#NULO#,96,77,-31.65243,-52.33338
EMEF BALBINO MASCARENHAS,Branco,Prefeito,#NULO#,95,34,-31.76954,-52.35521
EMEF BALBINO MASCARENHAS,MARCIANO PERONDI,Prefeito,PL,22,433,-31.76954,-52.35521
EMEF BALBINO MASCARENHAS,MARRONI,Prefeito,PT,13,600,-31.76954,-52.35521
EMEF BALBINO MASCARENHAS,Nulo,Prefeito,#NULO#,96,52,-31.76954,-52.35521
EMEF BIBIANO DE ALMEIDA,Branco,Prefeito,#NULO#,95,54,-31.75552,-52.31798
EMEF BIBIANO DE ALMEIDA,MARCIANO PERONDI,Prefeito,PL,22,1063,-31.75552,-52.31798
EMEF BIBIANO DE ALMEIDA,MARRONI,Prefeito,PT,13,1226,-31.75552,-52.31798
EMEF BIBIANO DE ALMEIDA,Nulo,Prefeito,#NULO#,96,73,-31.75552,-52.31798
EMEF BRAULINA FERNANDES,Branco,Prefeito,#NULO#,95,4,-31.69862,-52.42322
EMEF BRAULINA FERNANDES,MARCIANO PERONDI,Prefeito,PL,22,90,-31.69862,-52.42322
EMEF BRAULINA FERNANDES,MARRONI,Prefeito,PT,13,45,-31.69862,-52.42322
EMEF BRAULINA FERNANDES,Nulo,Prefeito,#NULO#,96,7,-31.69862,-52.42322
EMEF DOM FRANCISCO DE CAMPOS BARRETO,Branco,Prefeito,#NULO#,95,21,-31.77077,-52.23188
EMEF DOM FRANCISCO DE CAMPOS BARRETO,MARCIANO PERONDI,Prefeito,PL,22,481,-31.77077,-52.23188
EMEF DOM FRANCISCO DE CAMPOS BARRETO,MARRONI,Prefeito,PT,13,690,-31.77077,-52.23188
EMEF DOM FRANCISCO DE CAMPOS BARRETO,Nulo,Prefeito,#NULO#,96,29,-31.77077,-52.23188
EMEF DR ALCIDES DE MENDONCA LIMA,Branco,Prefeito,#NULO#,95,42,-31.75986,-52.37567
EMEF DR ALCIDES DE MENDONCA LIMA,MARCIANO PERONDI,Prefeito,PL,22,633,-31.75986,-52.37567
EMEF DR ALCIDES DE MENDONCA LIMA,MARRONI,Prefeito,PT,13,676,-31.75986,-52.37567
EMEF DR ALCIDES DE MENDONCA LIMA,Nulo,Prefeito,#NULO#,96,52,-31.75986,-52.37567
EMEF DR BERCHON,Branco,Prefeito,#NULO#,95,6,-31.51982,-52.27946
EMEF DR BERCHON,MARCIANO PERONDI,Prefeito,PL,22,436,-31.51982,-52.27946
EMEF DR BERCHON,MARRONI,Prefeito,PT,13,119,-31.51982,-52.27946
EMEF DR BERCHON,Nulo,Prefeito,#NULO#,96,6,-31.51982,-52.27946
EMEF DR BRUM DE AZEREDO,Branco,Prefeito,#NULO#,95,71,-31.76175,-52.37009
EMEF DR BRUM DE AZEREDO,MARCIANO PERONDI,Prefeito,PL,22,712,-31.76175,-52.37009
EMEF DR BRUM DE AZEREDO,MARRONI,Prefeito,PT,13,855,-31.76175,-52.37009
EMEF DR BRUM DE AZEREDO,Nulo,Prefeito,#NULO#,96,56,-31.76175,-52.37009
EMEF DR JOAQUIM ASSUMPÇÃO,Branco,Prefeito,#NULO#,95,43,-31.77231,-52.33819
EMEF DR JOAQUIM ASSUMPÇÃO,MARCIANO PERONDI,Prefeito,PL,22,731,-31.77231,-52.33819
EMEF DR JOAQUIM ASSUMPÇÃO,MARRONI,Prefeito,PT,13,999,-31.77231,-52.33819
EMEF DR JOAQUIM ASSUMPÇÃO,Nulo,Prefeito,#NULO#,96,39,-31.77231,-52.33819
EMEF DR RAPHAEL BRUSQUE,Branco,Prefeito,#NULO#,95,11,-31.69871,-52.15622
EMEF DR RAPHAEL BRUSQUE,MARCIANO PERONDI,Prefeito,PL,22,435,-31.69871,-52.15622
EMEF DR RAPHAEL BRUSQUE,MARRONI,Prefeito,PT,13,941,-31.69871,-52.15622
EMEF DR RAPHAEL BRUSQUE,Nulo,Prefeito,#NULO#,96,7,-31.69871,-52.15622
EMEF DR. BRUNO CHAVES,Branco,Prefeito,#NULO#,95,2,-31.69087,-52.51421
EMEF DR. BRUNO CHAVES,MARCIANO PERONDI,Prefeito,PL,22,72,-31.69087,-52.51421
EMEF DR. BRUNO CHAVES,MARRONI,Prefeito,PT,13,30,-31.69087,-52.51421
EMEF DR. BRUNO CHAVES,Nulo,Prefeito,#NULO#,96,1,-31.69087,-52.51421
EMEF DR. MÁRIO MENEGHETTI,Branco,Prefeito,#NULO#,95,55,-31.70106,-52.31021
EMEF DR. MÁRIO MENEGHETTI,MARCIANO PERONDI,Prefeito,PL,22,646,-31.70106,-52.31021
EMEF DR. MÁRIO MENEGHETTI,MARRONI,Prefeito,PT,13,1055,-31.70106,-52.31021
EMEF DR. MÁRIO MENEGHETTI,Nulo,Prefeito,#NULO#,96,58,-31.70106,-52.31021
EMEF ERASMO BRAGA,Branco,Prefeito,#NULO#,95,9,-31.48832,-52.48463
EMEF ERASMO BRAGA,MARCIANO PERONDI,Prefeito,PL,22,229,-31.48832,-52.48463
EMEF ERASMO BRAGA,MARRONI,Prefeito,PT,13,130,-31.48832,-52.48463
EMEF ERASMO BRAGA,Nulo,Prefeito,#NULO#,96,4,-31.48832,-52.48463
EMEF EVARISTO DA VEIGA,MARCIANO PERONDI,Prefeito,PL,22,129,-31.36882,-52.30946
EMEF EVARISTO DA VEIGA,MARRONI,Prefeito,PT,13,11,-31.36882,-52.30946
EMEF EVARISTO DA VEIGA,Nulo,Prefeito,#NULO#,96,1,-31.36882,-52.30946
EMEF FRANCISCO CARUCCIO - CAIC,Branco,Prefeito,#NULO#,95,55,-31.70624,-52.32435
EMEF FRANCISCO CARUCCIO - CAIC,MARCIANO PERONDI,Prefeito,PL,22,976,-31.70624,-52.32435
EMEF FRANCISCO CARUCCIO - CAIC,MARRONI,Prefeito,PT,13,1082,-31.70624,-52.32435
EMEF FRANCISCO CARUCCIO - CAIC,Nulo,Prefeito,#NULO#,96,46,-31.70624,-52.32435
EMEF GARIBALDI,Branco,Prefeito,#NULO#,95,19,-31.50426,-52.58661
EMEF GARIBALDI,MARCIANO PERONDI,Prefeito,PL,22,155,-31.50426,-52.58661
EMEF GARIBALDI,MARRONI,Prefeito,PT,13,101,-31.50426,-52.58661
EMEF GARIBALDI,Nulo,Prefeito,#NULO#,96,6,-31.50426,-52.58661
EMEF HENRIQUE PETER,Branco,Prefeito,#NULO#,95,4,-31.49172,-52.30108
EMEF HENRIQUE PETER,MARCIANO PERONDI,Prefeito,PL,22,267,-31.49172,-52.30108
EMEF HENRIQUE PETER,MARRONI,Prefeito,PT,13,45,-31.49172,-52.30108
EMEF HENRIQUE PETER,Nulo,Prefeito,#NULO#,96,2,-31.49172,-52.30108
EMEF INDEPENDÊNCIA,Branco,Prefeito,#NULO#,95,72,-31.69063,-52.35684
EMEF INDEPENDÊNCIA,MARCIANO PERONDI,Prefeito,PL,22,1670,-31.69063,-52.35684
EMEF INDEPENDÊNCIA,MARRONI,Prefeito,PT,13,1146,-31.69063,-52.35684
EMEF INDEPENDÊNCIA,Nulo,Prefeito,#NULO#,96,71,-31.69063,-52.35684
EMEF JACOB BROD,Branco,Prefeito,#NULO#,95,58,-31.70324,-52.34067
EMEF JACOB BROD,MARCIANO PERONDI,Prefeito,PL,22,1214,-31.70324,-52.34067
EMEF JACOB BROD,MARRONI,Prefeito,PT,13,1160,-31.70324,-52.34067
EMEF JACOB BROD,Nulo,Prefeito,#NULO#,96,70,-31.70324,-52.34067
EMEF JORNALISTA DEOGAR SOARES,Branco,Prefeito,#NULO#,95,53,-31.74946,-52.31919
EMEF JORNALISTA DEOGAR SOARES,MARCIANO PERONDI,Prefeito,PL,22,595,-31.74946,-52.31919
EMEF JORNALISTA DEOGAR SOARES,MARRONI,Prefeito,PT,13,867,-31.74946,-52.31919
EMEF JORNALISTA DEOGAR SOARES,Nulo,Prefeito,#NULO#,96,43,-31.74946,-52.31919
EMEF JOÃO DA SILVA SILVEIRA,Branco,Prefeito,#NULO#,95,26,-31.64881,-52.40585
EMEF JOÃO DA SILVA SILVEIRA,MARCIANO PERONDI,Prefeito,PL,22,373,-31.64881,-52.40585
EMEF JOÃO DA SILVA SILVEIRA,MARRONI,Prefeito,PT,13,401,-31.64881,-52.40585
EMEF JOÃO DA SILVA SILVEIRA,Nulo,Prefeito,#NULO#,96,17,-31.64881,-52.40585
EMEF JOÃO JOSÉ DE ABREU,Branco,Prefeito,#NULO#,95,2,-31.43122,-52.53088
EMEF JOÃO JOSÉ DE ABREU,MARCIANO PERONDI,Prefeito,PL,22,176,-31.43122,-52.53088
EMEF JOÃO JOSÉ DE ABREU,MARRONI,Prefeito,PT,13,45,-31.43122,-52.53088
EMEF JOÃO JOSÉ DE ABREU,Nulo,Prefeito,#NULO#,96,3,-31.43122,-52.53088
EMEF LUIZ AUGUSTO ASSUMPÇÃO,Branco,Prefeito,#NULO#,95,46,-31.73528,-52.21247
EMEF LUIZ AUGUSTO ASSUMPÇÃO,MARCIANO PERONDI,Prefeito,PL,22,884,-31.73528,-52.21247
EMEF LUIZ AUGUSTO ASSUMPÇÃO,MARRONI,Prefeito,PT,13,1217,-31.73528,-52.21247
EMEF LUIZ AUGUSTO ASSUMPÇÃO,Nulo,Prefeito,#NULO#,96,82,-31.73528,-52.21247
EMEF MARIA JOAQUINA,Branco,Prefeito,#NULO#,95,13,-31.59074,-52.34968
EMEF MARIA JOAQUINA,MARCIANO PERONDI,Prefeito,PL,22,358,-31.59074,-52.34968
EMEF MARIA JOAQUINA,MARRONI,Prefeito,PT,13,122,-31.59074,-52.34968
EMEF MARIA JOAQUINA,Nulo,Prefeito,#NULO#,96,11,-31.59074,-52.34968
EMEF MINISTRO ARTHUR DE SOUZA COSTA,Branco,Prefeito,#NULO#,95,41,-31.62415,-52.5044
EMEF MINISTRO ARTHUR DE SOUZA COSTA,MARCIANO PERONDI,Prefeito,PL,22,578,-31.62415,-52.5044
EMEF MINISTRO ARTHUR DE SOUZA COSTA,MARRONI,Prefeito,PT,13,465,-31.62415,-52.5044
EMEF MINISTRO ARTHUR DE SOUZA COSTA,Nulo,Prefeito,#NULO#,96,31,-31.62415,-52.5044
EMEF MINISTRO FERNANDO OSÓRIO,Branco,Prefeito,#NULO#,95,39,-31.73655,-52.34436
EMEF MINISTRO FERNANDO OSÓRIO,MARCIANO PERONDI,Prefeito,PL,22,570,-31.73655,-52.34436
EMEF MINISTRO FERNANDO OSÓRIO,MARRONI,Prefeito,PT,13,524,-31.73655,-52.34436
EMEF MINISTRO FERNANDO OSÓRIO,Nulo,Prefeito,#NULO#,96,28,-31.73655,-52.34436
EMEF MÁRCIO DIAS,Branco,Prefeito,#NULO#,95,16,-31.61495,-52.29255
EMEF MÁRCIO DIAS,MARCIANO PERONDI,Prefeito,PL,22,176,-31.61495,-52.29255
EMEF MÁRCIO DIAS,MARRONI,Prefeito,PT,13,128,-31.61495,-52.29255
EMEF MÁRCIO DIAS,Nulo,Prefeito,#NULO#,96,3,-31.61495,-52.29255
EMEF NESTOR ELIZEU CROCHEMORE,Branco,Prefeito,#NULO#,95,19,-31.54276,-52.46485
EMEF NESTOR ELIZEU CROCHEMORE,MARCIANO PERONDI,Prefeito,PL,22,434,-31.54276,-52.46485
EMEF NESTOR ELIZEU CROCHEMORE,MARRONI,Prefeito,PT,13,164,-31.54276,-52.46485
EMEF NESTOR ELIZEU CROCHEMORE,Nulo,Prefeito,#NULO#,96,13,-31.54276,-52.46485
EMEF NOSSA SENHORA DAS DORES,Branco,Prefeito,#NULO#,95,58,-31.73203,-52.3302
EMEF NOSSA SENHORA DAS DORES,MARCIANO PERONDI,Prefeito,PL,22,911,-31.73203,-52.3302
EMEF NOSSA SENHORA DAS DORES,MARRONI,Prefeito,PT,13,1068,-31.73203,-52.3302
EMEF NOSSA SENHORA DAS DORES,Nulo,Prefeito,#NULO#,96,87,-31.73203,-52.3302
EMEF NOSSA SENHORA DE LOURDES,Branco,Prefeito,#NULO#,95,77,-31.75102,-52.39663
EMEF NOSSA SENHORA DE LOURDES,MARCIANO PERONDI,Prefeito,PL,22,1306,-31.75102,-52.39663
EMEF NOSSA SENHORA DE LOURDES,MARRONI,Prefeito,PT,13,827,-31.75102,-52.39663
EMEF NOSSA SENHORA DE LOURDES,Nulo,Prefeito,#NULO#,96,80,-31.75102,-52.39663
EMEF NÚCLEO HABITACIONAL DUNAS,Branco,Prefeito,#NULO#,95,81,-31.73857,-52.31796
EMEF NÚCLEO HABITACIONAL DUNAS,MARCIANO PERONDI,Prefeito,PL,22,1171,-31.73857,-52.31796
EMEF NÚCLEO HABITACIONAL DUNAS,MARRONI,Prefeito,PT,13,1681,-31.73857,-52.31796
EMEF NÚCLEO HABITACIONAL DUNAS,Nulo,Prefeito,#NULO#,96,117,-31.73857,-52.31796
EMEF OSWALDO CRUZ,Branco,Prefeito,#NULO#,95,83,-31.72325,-52.35079
EMEF OSWALDO CRUZ,MARCIANO PERONDI,Prefeito,PL,22,1343,-31.72325,-52.35079
EMEF OSWALDO CRUZ,MARRONI,Prefeito,PT,13,1188,-31.72325,-52.35079
EMEF OSWALDO CRUZ,Nulo,Prefeito,#NULO#,96,56,-31.72325,-52.35079
EMEF PIRATININO DE ALMEIDAL,Branco,Prefeito,#NULO#,95,84,-31.74849,-52.29534
EMEF PIRATININO DE ALMEIDAL,MARCIANO PERONDI,Prefeito,PL,22,1466,-31.74849,-52.29534
EMEF PIRATININO DE ALMEIDAL,MARRONI,Prefeito,PT,13,1805,-31.74849,-52.29534
EMEF PIRATININO DE ALMEIDAL,Nulo,Prefeito,#NULO#,96,119,-31.74849,-52.29534
EMEF SANTA TEREZINHA,Branco,Prefeito,#NULO#,95,32,-31.72625,-52.35039
EMEF SANTA TEREZINHA,MARCIANO PERONDI,Prefeito,PL,22,429,-31.72625,-52.35039
EMEF SANTA TEREZINHA,MARRONI,Prefeito,PT,13,497,-31.72625,-52.35039
EMEF SANTA TEREZINHA,Nulo,Prefeito,#NULO#,96,31,-31.72625,-52.35039
EMEI PROF JACEMA RODRIGUES PRESTES,Branco,Prefeito,#NULO#,95,17,-31.72035,-52.30491
EMEI PROF JACEMA RODRIGUES PRESTES,MARCIANO PERONDI,Prefeito,PL,22,346,-31.72035,-52.30491
EMEI PROF JACEMA RODRIGUES PRESTES,MARRONI,Prefeito,PT,13,323,-31.72035,-52.30491
EMEI PROF JACEMA RODRIGUES PRESTES,Nulo,Prefeito,#NULO#,96,19,-31.72035,-52.30491
ESCOLA LA SALLE,Branco,Prefeito,#NULO#,95,24,-31.76434,-52.32703
ESCOLA LA SALLE,MARCIANO PERONDI,Prefeito,PL,22,631,-31.76434,-52.32703
ESCOLA LA SALLE,MARRONI,Prefeito,PT,13,845,-31.76434,-52.32703
ESCOLA LA SALLE,Nulo,Prefeito,#NULO#,96,44,-31.76434,-52.32703
ESCOLA LOUIS BRAILLE,MARCIANO PERONDI,Prefeito,PL,22,43,-31.75725,-52.33749
ESCOLA LOUIS BRAILLE,MARRONI,Prefeito,PT,13,53,-31.75725,-52.33749
ESCOLA LOUIS BRAILLE,Nulo,Prefeito,#NULO#,96,4,-31.75725,-52.33749
ETE PROF SYLVIA MELLO,Branco,Prefeito,#NULO#,95,193,-31.7555,-52.37284
ETE PROF SYLVIA MELLO,MARCIANO PERONDI,Prefeito,PL,22,2687,-31.7555,-52.37284
ETE PROF SYLVIA MELLO,MARRONI,Prefeito,PT,13,3217,-31.7555,-52.37284
ETE PROF SYLVIA MELLO,Nulo,Prefeito,#NULO#,96,236,-31.7555,-52.37284
FACULDADES ANHANGUERA,Branco,Prefeito,#NULO#,95,77,-31.73265,-52.34398
FACULDADES ANHANGUERA,MARCIANO PERONDI,Prefeito,PL,22,1534,-31.73265,-52.34398
FACULDADES ANHANGUERA,MARRONI,Prefeito,PT,13,1314,-31.73265,-52.34398
FACULDADES ANHANGUERA,Nulo,Prefeito,#NULO#,96,104,-31.73265,-52.34398
IEE ASSIS BRASIL,Branco,Prefeito,#NULO#,95,121,-31.75665,-52.3339
IEE ASSIS BRASIL,MARCIANO PERONDI,Prefeito,PL,22,2257,-31.75665,-52.3339
IEE ASSIS BRASIL,MARRONI,Prefeito,PT,13,2552,-31.75665,-52.3339
IEE ASSIS BRASIL,Nulo,Prefeito,#NULO#,96,137,-31.75665,-52.3339
IF-SUL,Branco,Prefeito,#NULO#,95,120,-31.76631,-52.35196
IF-SUL,MARCIANO PERONDI,Prefeito,PL,22,1964,-31.76631,-52.35196
IF-SUL,MARRONI,Prefeito,PT,13,2487,-31.76631,-52.35196
IF-SUL,Nulo,Prefeito,#NULO#,96,162,-31.76631,-52.35196
INSS,Branco,Prefeito,#NULO#,95,27,-31.77088,-52.33753
INSS,MARCIANO PERONDI,Prefeito,PL,22,554,-31.77088,-52.33753
INSS,MARRONI,Prefeito,PT,13,693,-31.77088,-52.33753
INSS,Nulo,Prefeito,#NULO#,96,41,-31.77088,-52.33753
LARANJAL PRAIA CLUBE,Branco,Prefeito,#NULO#,95,30,-31.76204,-52.22981
LARANJAL PRAIA CLUBE,MARCIANO PERONDI,Prefeito,PL,22,845,-31.76204,-52.22981
LARANJAL PRAIA CLUBE,MARRONI,Prefeito,PT,13,859,-31.76204,-52.22981
LARANJAL PRAIA CLUBE,Nulo,Prefeito,#NULO#,96,40,-31.76204,-52.22981
MINIMERCADO J.H. - COLÔNIA ALIANÇA,Branco,Prefeito,#NULO#,95,1,-31.37173,-52.42283
MINIMERCADO J.H. - COLÔNIA ALIANÇA,MARCIANO PERONDI,Prefeito,PL,22,105,-31.37173,-52.42283
MINIMERCADO J.H. - COLÔNIA ALIANÇA,MARRONI,Prefeito,PT,13,22,-31.37173,-52.42283
PARQUE TÊNIS CLUBE,Branco,Prefeito,#NULO#,95,68,-31.74461,-52.33522
PARQUE TÊNIS CLUBE,MARCIANO PERONDI,Prefeito,PL,22,1059,-31.74461,-52.33522
PARQUE TÊNIS CLUBE,MARRONI,Prefeito,PT,13,808,-31.74461,-52.33522
PARQUE TÊNIS CLUBE,Nulo,Prefeito,#NULO#,96,38,-31.74461,-52.33522
PAULISTA FUTEBOL CLUBE,Branco,Prefeito,#NULO#,95,55,-31.75118,-52.33906
PAULISTA FUTEBOL CLUBE,MARCIANO PERONDI,Prefeito,PL,22,964,-31.75118,-52.33906
PAULISTA FUTEBOL CLUBE,MARRONI,Prefeito,PT,13,989,-31.75118,-52.33906
PAULISTA FUTEBOL CLUBE,Nulo,Prefeito,#NULO#,96,56,-31.75118,-52.33906
PRESÍDIO REGIONAL DE PELOTAS,MARCIANO PERONDI,Prefeito,PL,22,4,-31.73124,-52.32952
PRESÍDIO REGIONAL DE PELOTAS,MARRONI,Prefeito,PT,13,18,-31.73124,-52.32952
PRESÍDIO REGIONAL DE PELOTAS,Nulo,Prefeito,#NULO#,96,1,-31.73124,-52.32952
SALÃO ARCO IRÍS,Branco,Prefeito,#NULO#,95,2,-31.41183,-52.51723
SALÃO ARCO IRÍS,MARCIANO PERONDI,Prefeito,PL,22,144,-31.41183,-52.51723
SALÃO ARCO IRÍS,MARRONI,Prefeito,PT,13,34,-31.41183,-52.51723
SALÃO GRAFITE,Branco,Prefeito,#NULO#,95,5,-31.36873,-52.50587
SALÃO GRAFITE,MARCIANO PERONDI,Prefeito,PL,22,349,-31.36873,-52.50587
SALÃO GRAFITE,MARRONI,Prefeito,PT,13,58,-31.36873,-52.50587
SALÃO GRAFITE,Nulo,Prefeito,#NULO#,96,3,-31.36873,-52.50587
SIND. DA ALIMENTAÇÃO,Branco,Prefeito,#NULO#,95,12,-31.76082,-52.33298
SIND. DA ALIMENTAÇÃO,MARCIANO PERONDI,Prefeito,PL,22,221,-31.76082,-52.33298
SIND. DA ALIMENTAÇÃO,MARRONI,Prefeito,PT,13,271,-31.76082,-52.33298
SIND. DA ALIMENTAÇÃO,Nulo,Prefeito,#NULO#,96,17,-31.76082,-52.33298
SINDIC. DOS SERV. FED. DA EDUCAÇÃO,Branco,Prefeito,#NULO#,95,16,-31.7773,-52.34491
SINDIC. DOS SERV. FED. DA EDUCAÇÃO,MARCIANO PERONDI,Prefeito,PL,22,348,-31.7773,-52.34491
SINDIC. DOS SERV. FED. DA EDUCAÇÃO,MARRONI,Prefeito,PT,13,605,-31.7773,-52.34491
SINDIC. DOS SERV. FED. DA EDUCAÇÃO,Nulo,Prefeito,#NULO#,96,29,-31.7773,-52.34491
SOCIEDADE RECREATIVA XV DE JULHO,Branco,Prefeito,#NULO#,95,20,-31.6961,-52.33994
SOCIEDADE RECREATIVA XV DE JULHO,MARCIANO PERONDI,Prefeito,PL,22,463,-31.6961,-52.33994
SOCIEDADE RECREATIVA XV DE JULHO,MARRONI,Prefeito,PT,13,288,-31.6961,-52.33994
SOCIEDADE RECREATIVA XV DE JULHO,Nulo,Prefeito,#NULO#,96,25,-31.6961,-52.33994
SUB PREFEITURA DO 7º DISTRITO,Branco,Prefeito,#NULO#,95,12,-31.52595,-52.4783
SUB PREFEITURA DO 7º DISTRITO,MARCIANO PERONDI,Prefeito,PL,22,110,-31.52595,-52.4783
SUB PREFEITURA DO 7º DISTRITO,MARRONI,Prefeito,PT,13,58,-31.52595,-52.4783
SUB PREFEITURA DO 7º DISTRITO,Nulo,Prefeito,#NULO#,96,5,-31.52595,-52.4783
UNIÃO GAÚCHA,Branco,Prefeito,#NULO#,95,42,-31.73174,-52.32431
UNIÃO GAÚCHA,MARCIANO PERONDI,Prefeito,PL,22,542,-31.73174,-52.32431
UNIÃO GAÚCHA,MARRONI,Prefeito,PT,13,708,-31.73174,-52.32431
UNIÃO GAÚCHA,Nulo,Prefeito,#NULO#,96,39,-31.73174,-52.32431
ÁTRIO DA PREFEITURA MUNICIPAL,Branco,Prefeito,#NULO#,95,8,-31.77026,-52.34226
ÁTRIO DA PREFEITURA MUNICIPAL,MARCIANO PERONDI,Prefeito,PL,22,204,-31.77026,-52.34226
ÁTRIO DA PREFEITURA MUNICIPAL,MARRONI,Prefeito,PT,13,205,-31.77026,-52.34226
ÁTRIO DA PREFEITURA MUNICIPAL,Nulo,Prefeito,#NULO#,96,16,-31.77026,-52.34226
