NM_VOTAVEL,LOCAL,DS_CARGO_PERGUNTA,SG_PARTIDO,NR_VOTAVEL,QT_VOTOS,LATITUDE,LONGITUDE
ADILSON DA FARMÁCIA,ESC. EST. DR. DARIO DA SILVA TAVARES,Vereador,PT,13456,1,-31.76636,-52.50173
ADILSON DA FARMÁCIA,ESC. EST. PRES. CASTELO BRANCO,Vereador,PT,13456,6,-31.76505,-52.49741
ADILSON DA FARMÁCIA,ESC. MUN. BARAO DE STO. ANGELO,Vereador,PT,13456,7,-31.75953,-52.43821
ADILSON DA FARMÁCIA,ESC. MUN. PREF. ELBERTO MADRUGA,Vereador,PT,13456,51,-31.76583,-52.43325
ADILSON DA FARMÁCIA,ESC. MUN. PROF. ELMAR DA SILVA COSTA,Vereador,PT,13456,8,-31.76353,-52.42367
AEVERTON JUNIOR SCHMITTINHO,ESC. EST. DR. DARIO DA SILVA TAVARES,Vereador,PSD,55321,3,-31.76636,-52.50173
AEVERTON JUNIOR SCHMITTINHO,ESC. EST. PRES. CASTELO BRANCO,Vereador,PSD,55321,2,-31.76505,-52.49741
AEVERTON JUNIOR SCHMITTINHO,ESC. MUN. ALVARO BERCHON,Vereador,PSD,55321,2,-31.84948,-52.67278
AEVERTON JUNIOR SCHMITTINHO,ESC. MUN. BARAO DE STO. ANGELO,Vereador,PSD,55321,7,-31.75953,-52.43821
AEVERTON JUNIOR SCHMITTINHO,ESC. MUN. COM. PARQUE FRAGATA,Vereador,PSD,55321,8,-31.75788,-52.46384
AEVERTON JUNIOR SCHMITTINHO,ESC. MUN. PREF. ELBERTO MADRUGA,Vereador,PSD,55321,29,-31.76583,-52.43325
AEVERTON JUNIOR SCHMITTINHO,ESC. MUN. PROF. ELMAR DA SILVA COSTA,Vereador,PSD,55321,6,-31.76353,-52.42367
AEVERTON JUNIOR SCHMITTINHO,ESC. MUN. PROF. MARGARIDA GASTAL,Vereador,PSD,55321,9,-31.80141,-52.40815
ALEX FALCONI,ESC. EST. DR. DARIO DA SILVA TAVARES,Vereador,PSD,55222,15,-31.76636,-52.50173
ALEX FALCONI,ESC. EST. PRES. CASTELO BRANCO,Vereador,PSD,55222,50,-31.76505,-52.49741
ALEX FALCONI,ESC. MUN. BARAO DE STO. ANGELO,Vereador,PSD,55222,81,-31.75953,-52.43821
ALEX FALCONI,ESC. MUN. COM. PARQUE FRAGATA,Vereador,PSD,55222,10,-31.75788,-52.46384
ALEX FALCONI,ESC. MUN. PREF. ELBERTO MADRUGA,Vereador,PSD,55222,160,-31.76583,-52.43325
ALEX FALCONI,ESC. MUN. PROF. ELMAR DA SILVA COSTA,Vereador,PSD,55222,60,-31.76353,-52.42367
ALEX FALCONI,ESC. MUN. PROF. MARGARIDA GASTAL,Vereador,PSD,55222,8,-31.80141,-52.40815
ALEX SANDRO,ARMAZEM TIO JULIO,Vereador,MDB,15125,1,-31.70205,-52.58161
ALEX SANDRO,E.M.E.F. PROFESSORA DELFINA BORDALO DE PINHO,Vereador,MDB,15125,5,-31.72917,-52.58763
ALEX SANDRO,ESC. EST. DR. DARIO DA SILVA TAVARES,Vereador,MDB,15125,16,-31.76636,-52.50173
ALEX SANDRO,ESC. EST. PRES. CASTELO BRANCO,Vereador,MDB,15125,67,-31.76505,-52.49741
ALEX SANDRO,ESC. MUN. BARAO DE STO. ANGELO,Vereador,MDB,15125,9,-31.75953,-52.43821
ALEX SANDRO,ESC. MUN. COM. PARQUE FRAGATA,Vereador,MDB,15125,3,-31.75788,-52.46384
ALEX SANDRO,ESC. MUN. PREF. ELBERTO MADRUGA,Vereador,MDB,15125,14,-31.76583,-52.43325
ALEX SANDRO,ESC. MUN. PROF. ELMAR DA SILVA COSTA,Vereador,MDB,15125,1,-31.76353,-52.42367
ALEX SANDRO,ESC. MUN. PROF. MARGARIDA GASTAL,Vereador,MDB,15125,5,-31.80141,-52.40815
ALTAIR DUARTE (BETO),E.M.E.F. PROFESSORA DELFINA BORDALO DE PINHO,Vereador,PL,22123,2,-31.72917,-52.58763
ALTAIR DUARTE (BETO),ESC. EST. DR. DARIO DA SILVA TAVARES,Vereador,PL,22123,1,-31.76636,-52.50173
ALTAIR DUARTE (BETO),ESC. EST. PRES. CASTELO BRANCO,Vereador,PL,22123,12,-31.76505,-52.49741
ALTAIR DUARTE (BETO),ESC. MUN. COM. PARQUE FRAGATA,Vereador,PL,22123,9,-31.75788,-52.46384
ALTAIR DUARTE (BETO),ESC. MUN. PREF. ELBERTO MADRUGA,Vereador,PL,22123,5,-31.76583,-52.43325
ALTAIR DUARTE (BETO),ESC. MUN. PROF. ELMAR DA SILVA COSTA,Vereador,PL,22123,1,-31.76353,-52.42367
ANDERSOM SILVA,E.M.E.F. PROFESSORA DELFINA BORDALO DE PINHO,Vereador,PL,22022,1,-31.72917,-52.58763
ANDERSOM SILVA,ESC. EST. DR. DARIO DA SILVA TAVARES,Vereador,PL,22022,34,-31.76636,-52.50173
ANDERSOM SILVA,ESC. EST. PRES. CASTELO BRANCO,Vereador,PL,22022,164,-31.76505,-52.49741
ANDERSOM SILVA,ESC. MUN. ALVARO BERCHON,Vereador,PL,22022,1,-31.84948,-52.67278
ANDERSOM SILVA,ESC. MUN. BARAO DE STO. ANGELO,Vereador,PL,22022,23,-31.75953,-52.43821
ANDERSOM SILVA,ESC. MUN. COM. PARQUE FRAGATA,Vereador,PL,22022,23,-31.75788,-52.46384
ANDERSOM SILVA,ESC. MUN. PREF. ELBERTO MADRUGA,Vereador,PL,22022,26,-31.76583,-52.43325
ANDERSOM SILVA,ESC. MUN. PROF. ELMAR DA SILVA COSTA,Vereador,PL,22022,7,-31.76353,-52.42367
ANDERSOM SILVA,ESC. MUN. PROF. MARGARIDA GASTAL,Vereador,PL,22022,1,-31.80141,-52.40815
ANDRE PORTO,ARMAZEM TIO JULIO,Vereador,PP,11234,18,-31.70205,-52.58161
ANDRE PORTO,E.M.E.F. PROFESSORA DELFINA BORDALO DE PINHO,Vereador,PP,11234,4,-31.72917,-52.58763
ANDRE PORTO,ESC. EST. DR. DARIO DA SILVA TAVARES,Vereador,PP,11234,11,-31.76636,-52.50173
ANDRE PORTO,ESC. EST. PRES. CASTELO BRANCO,Vereador,PP,11234,57,-31.76505,-52.49741
ANDRE PORTO,ESC. MUN. BARAO DE STO. ANGELO,Vereador,PP,11234,27,-31.75953,-52.43821
ANDRE PORTO,ESC. MUN. COM. PARQUE FRAGATA,Vereador,PP,11234,169,-31.75788,-52.46384
ANDRE PORTO,ESC. MUN. PREF. ELBERTO MADRUGA,Vereador,PP,11234,26,-31.76583,-52.43325
ANDRE PORTO,ESC. MUN. PROF. ELMAR DA SILVA COSTA,Vereador,PP,11234,6,-31.76353,-52.42367
ANDRE PORTO,ESC. MUN. PROF. MARGARIDA GASTAL,Vereador,PP,11234,6,-31.80141,-52.40815
ANDRÉ MELO,ARMAZEM TIO JULIO,Vereador,PDT,12345,1,-31.70205,-52.58161
ANDRÉ MELO,E.M.E.F. PROFESSORA DELFINA BORDALO DE PINHO,Vereador,PDT,12345,5,-31.72917,-52.58763
ANDRÉ MELO,ESC. EST. DR. DARIO DA SILVA TAVARES,Vereador,PDT,12345,20,-31.76636,-52.50173
ANDRÉ MELO,ESC. EST. PRES. CASTELO BRANCO,Vereador,PDT,12345,49,-31.76505,-52.49741
ANDRÉ MELO,ESC. MUN. ALVARO BERCHON,Vereador,PDT,12345,2,-31.84948,-52.67278
ANDRÉ MELO,ESC. MUN. BARAO DE STO. ANGELO,Vereador,PDT,12345,26,-31.75953,-52.43821
ANDRÉ MELO,ESC. MUN. COM. PARQUE FRAGATA,Vereador,PDT,12345,27,-31.75788,-52.46384
ANDRÉ MELO,ESC. MUN. PREF. ELBERTO MADRUGA,Vereador,PDT,12345,45,-31.76583,-52.43325
ANDRÉ MELO,ESC. MUN. PROF. ELMAR DA SILVA COSTA,Vereador,PDT,12345,11,-31.76353,-52.42367
ANDRÉ MELO,ESC. MUN. PROF. MARGARIDA GASTAL,Vereador,PDT,12345,15,-31.80141,-52.40815
ANGELO RAPADURA,ARMAZEM TIO JULIO,Vereador,PSB,40123,1,-31.70205,-52.58161
ANGELO RAPADURA,ESC. EST. PRES. CASTELO BRANCO,Vereador,PSB,40123,1,-31.76505,-52.49741
ANGELO RAPADURA,ESC. MUN. BARAO DE STO. ANGELO,Vereador,PSB,40123,7,-31.75953,-52.43821
ANGELO RAPADURA,ESC. MUN. COM. PARQUE FRAGATA,Vereador,PSB,40123,3,-31.75788,-52.46384
ANGELO RAPADURA,ESC. MUN. PREF. ELBERTO MADRUGA,Vereador,PSB,40123,10,-31.76583,-52.43325
ANGELO RAPADURA,ESC. MUN. PROF. ELMAR DA SILVA COSTA,Vereador,PSB,40123,9,-31.76353,-52.42367
ANGELO RAPADURA,ESC. MUN. PROF. MARGARIDA GASTAL,Vereador,PSB,40123,21,-31.80141,-52.40815
ANTONIO CORÇAQUE,ESC. EST. DR. DARIO DA SILVA TAVARES,Vereador,PP,11509,1,-31.76636,-52.50173
ANTONIO CORÇAQUE,ESC. EST. PRES. CASTELO BRANCO,Vereador,PP,11509,3,-31.76505,-52.49741
ANTONIO CORÇAQUE,ESC. MUN. BARAO DE STO. ANGELO,Vereador,PP,11509,6,-31.75953,-52.43821
ANTONIO CORÇAQUE,ESC. MUN. COM. PARQUE FRAGATA,Vereador,PP,11509,4,-31.75788,-52.46384
ANTONIO CORÇAQUE,ESC. MUN. PREF. ELBERTO MADRUGA,Vereador,PP,11509,5,-31.76583,-52.43325
ANTONIO CORÇAQUE,ESC. MUN. PROF. ELMAR DA SILVA COSTA,Vereador,PP,11509,1,-31.76353,-52.42367
BEL MOROSSINO,ESC. EST. PRES. CASTELO BRANCO,Vereador,PSDB,45166,1,-31.76505,-52.49741
BEL MOROSSINO,ESC. MUN. BARAO DE STO. ANGELO,Vereador,PSDB,45166,4,-31.75953,-52.43821
BETO SEDREZ,ARMAZEM TIO JULIO,Vereador,MDB,15666,3,-31.70205,-52.58161
BETO SEDREZ,E.M.E.F. PROFESSORA DELFINA BORDALO DE PINHO,Vereador,MDB,15666,36,-31.72917,-52.58763
BETO SEDREZ,ESC. EST. DR. DARIO DA SILVA TAVARES,Vereador,MDB,15666,1,-31.76636,-52.50173
BETO SEDREZ,ESC. EST. PRES. CASTELO BRANCO,Vereador,MDB,15666,5,-31.76505,-52.49741
BETO SEDREZ,ESC. MUN. ALVARO BERCHON,Vereador,MDB,15666,44,-31.84948,-52.67278
BETO SEDREZ,ESC. MUN. BARAO DE STO. ANGELO,Vereador,MDB,15666,5,-31.75953,-52.43821
BETO SEDREZ,ESC. MUN. COM. PARQUE FRAGATA,Vereador,MDB,15666,2,-31.75788,-52.46384
BETO SEDREZ,ESC. MUN. PREF. ELBERTO MADRUGA,Vereador,MDB,15666,8,-31.76583,-52.43325
BETO SEDREZ,ESC. MUN. PROF. ELMAR DA SILVA COSTA,Vereador,MDB,15666,2,-31.76353,-52.42367
BETO SEDREZ,ESC. MUN. PROF. MARGARIDA GASTAL,Vereador,MDB,15666,8,-31.80141,-52.40815
BETO XAVIER,ESC. EST. DR. DARIO DA SILVA TAVARES,Vereador,MDB,15234,10,-31.76636,-52.50173
BETO XAVIER,ESC. EST. PRES. CASTELO BRANCO,Vereador,MDB,15234,33,-31.76505,-52.49741
BETO XAVIER,ESC. MUN. BARAO DE STO. ANGELO,Vereador,MDB,15234,3,-31.75953,-52.43821
BETO XAVIER,ESC. MUN. COM. PARQUE FRAGATA,Vereador,MDB,15234,3,-31.75788,-52.46384
BETO XAVIER,ESC. MUN. PREF. ELBERTO MADRUGA,Vereador,MDB,15234,3,-31.76583,-52.43325
BETO XAVIER,ESC. MUN. PROF. ELMAR DA SILVA COSTA,Vereador,MDB,15234,1,-31.76353,-52.42367
BETO XAVIER,ESC. MUN. PROF. MARGARIDA GASTAL,Vereador,MDB,15234,4,-31.80141,-52.40815
BIA SOUZA,ESC. EST. PRES. CASTELO BRANCO,Vereador,PSD,55180,1,-31.76505,-52.49741
BIA SOUZA,ESC. MUN. BARAO DE STO. ANGELO,Vereador,PSD,55180,24,-31.75953,-52.43821
BIA SOUZA,ESC. MUN. PREF. ELBERTO MADRUGA,Vereador,PSD,55180,49,-31.76583,-52.43325
BIA SOUZA,ESC. MUN. PROF. ELMAR DA SILVA COSTA,Vereador,PSD,55180,7,-31.76353,-52.42367
Branco,ARMAZEM TIO JULIO,Vereador,#NULO#,95,10,-31.70205,-52.58161
Branco,E.M.E.F. PROFESSORA DELFINA BORDALO DE PINHO,Vereador,#NULO#,95,8,-31.72917,-52.58763
Branco,ESC. EST. DR. DARIO DA SILVA TAVARES,Vereador,#NULO#,95,103,-31.76636,-52.50173
Branco,ESC. EST. PRES. CASTELO BRANCO,Vereador,#NULO#,95,211,-31.76505,-52.49741
Branco,ESC. MUN. ALVARO BERCHON,Vereador,#NULO#,95,5,-31.84948,-52.67278
Branco,ESC. MUN. BARAO DE STO. ANGELO,Vereador,#NULO#,95,277,-31.75953,-52.43821
Branco,ESC. MUN. COM. PARQUE FRAGATA,Vereador,#NULO#,95,110,-31.75788,-52.46384
Branco,ESC. MUN. PREF. ELBERTO MADRUGA,Vereador,#NULO#,95,399,-31.76583,-52.43325
Branco,ESC. MUN. PROF. ELMAR DA SILVA COSTA,Vereador,#NULO#,95,107,-31.76353,-52.42367
Branco,ESC. MUN. PROF. MARGARIDA GASTAL,Vereador,#NULO#,95,65,-31.80141,-52.40815
CACÁ SILVEIRA,ESC. EST. PRES. CASTELO BRANCO,Vereador,MDB,15015,5,-31.76505,-52.49741
CACÁ SILVEIRA,ESC. MUN. ALVARO BERCHON,Vereador,MDB,15015,1,-31.84948,-52.67278
CACÁ SILVEIRA,ESC. MUN. BARAO DE STO. ANGELO,Vereador,MDB,15015,89,-31.75953,-52.43821
CACÁ SILVEIRA,ESC. MUN. COM. PARQUE FRAGATA,Vereador,MDB,15015,3,-31.75788,-52.46384
CACÁ SILVEIRA,ESC. MUN. PREF. ELBERTO MADRUGA,Vereador,MDB,15015,32,-31.76583,-52.43325
CACÁ SILVEIRA,ESC. MUN. PROF. ELMAR DA SILVA COSTA,Vereador,MDB,15015,3,-31.76353,-52.42367
CAREN SWENSSON,ESC. EST. DR. DARIO DA SILVA TAVARES,Vereador,UNIÃO,44221,4,-31.76636,-52.50173
CAREN SWENSSON,ESC. EST. PRES. CASTELO BRANCO,Vereador,UNIÃO,44221,8,-31.76505,-52.49741
CAREN SWENSSON,ESC. MUN. BARAO DE STO. ANGELO,Vereador,UNIÃO,44221,1,-31.75953,-52.43821
CAREN SWENSSON,ESC. MUN. COM. PARQUE FRAGATA,Vereador,UNIÃO,44221,4,-31.75788,-52.46384
CAREN SWENSSON,ESC. MUN. PROF. ELMAR DA SILVA COSTA,Vereador,UNIÃO,44221,1,-31.76353,-52.42367
CARLINHOS DO PARQUE,ESC. EST. DR. DARIO DA SILVA TAVARES,Vereador,PDT,12222,3,-31.76636,-52.50173
CARLINHOS DO PARQUE,ESC. EST. PRES. CASTELO BRANCO,Vereador,PDT,12222,2,-31.76505,-52.49741
CARLINHOS DO PARQUE,ESC. MUN. BARAO DE STO. ANGELO,Vereador,PDT,12222,9,-31.75953,-52.43821
CARLINHOS DO PARQUE,ESC. MUN. COM. PARQUE FRAGATA,Vereador,PDT,12222,16,-31.75788,-52.46384
CARLINHOS DO PARQUE,ESC. MUN. PREF. ELBERTO MADRUGA,Vereador,PDT,12222,2,-31.76583,-52.43325
CARLINHOS DO PARQUE,ESC. MUN. PROF. ELMAR DA SILVA COSTA,Vereador,PDT,12222,2,-31.76353,-52.42367
CARMEN BORGES,ESC. EST. PRES. CASTELO BRANCO,Vereador,UNIÃO,44130,1,-31.76505,-52.49741
CARMEN BORGES,ESC. MUN. BARAO DE STO. ANGELO,Vereador,UNIÃO,44130,1,-31.75953,-52.43821
CARMEN BORGES,ESC. MUN. PREF. ELBERTO MADRUGA,Vereador,UNIÃO,44130,5,-31.76583,-52.43325
CARMEN BORGES,ESC. MUN. PROF. ELMAR DA SILVA COSTA,Vereador,UNIÃO,44130,2,-31.76353,-52.42367
CARMEN BORGES,ESC. MUN. PROF. MARGARIDA GASTAL,Vereador,UNIÃO,44130,2,-31.80141,-52.40815
CAROL MAICH,E.M.E.F. PROFESSORA DELFINA BORDALO DE PINHO,Vereador,PDT,12977,1,-31.72917,-52.58763
CAROL MAICH,ESC. EST. DR. DARIO DA SILVA TAVARES,Vereador,PDT,12977,3,-31.76636,-52.50173
CAROL MAICH,ESC. EST. PRES. CASTELO BRANCO,Vereador,PDT,12977,18,-31.76505,-52.49741
CAROL MAICH,ESC. MUN. BARAO DE STO. ANGELO,Vereador,PDT,12977,6,-31.75953,-52.43821
CAROL MAICH,ESC. MUN. PREF. ELBERTO MADRUGA,Vereador,PDT,12977,9,-31.76583,-52.43325
CAROL MAICH,ESC. MUN. PROF. ELMAR DA SILVA COSTA,Vereador,PDT,12977,2,-31.76353,-52.42367
CAROL MAICH,ESC. MUN. PROF. MARGARIDA GASTAL,Vereador,PDT,12977,2,-31.80141,-52.40815
CHARLES FURTADO,ARMAZEM TIO JULIO,Vereador,UNIÃO,44044,1,-31.70205,-52.58161
CHARLES FURTADO,ESC. EST. DR. DARIO DA SILVA TAVARES,Vereador,UNIÃO,44044,1,-31.76636,-52.50173
CHARLES FURTADO,ESC. MUN. BARAO DE STO. ANGELO,Vereador,UNIÃO,44044,4,-31.75953,-52.43821
CHARLES FURTADO,ESC. MUN. COM. PARQUE FRAGATA,Vereador,UNIÃO,44044,2,-31.75788,-52.46384
CHARLES FURTADO,ESC. MUN. PREF. ELBERTO MADRUGA,Vereador,UNIÃO,44044,6,-31.76583,-52.43325
CHARLES FURTADO,ESC. MUN. PROF. ELMAR DA SILVA COSTA,Vereador,UNIÃO,44044,2,-31.76353,-52.42367
CHIQUINHO,ARMAZEM TIO JULIO,Vereador,UNIÃO,44444,17,-31.70205,-52.58161
CHIQUINHO,E.M.E.F. PROFESSORA DELFINA BORDALO DE PINHO,Vereador,UNIÃO,44444,7,-31.72917,-52.58763
CHIQUINHO,ESC. EST. DR. DARIO DA SILVA TAVARES,Vereador,UNIÃO,44444,65,-31.76636,-52.50173
CHIQUINHO,ESC. EST. PRES. CASTELO BRANCO,Vereador,UNIÃO,44444,105,-31.76505,-52.49741
CHIQUINHO,ESC. MUN. ALVARO BERCHON,Vereador,UNIÃO,44444,12,-31.84948,-52.67278
CHIQUINHO,ESC. MUN. BARAO DE STO. ANGELO,Vereador,UNIÃO,44444,14,-31.75953,-52.43821
CHIQUINHO,ESC. MUN. COM. PARQUE FRAGATA,Vereador,UNIÃO,44444,4,-31.75788,-52.46384
CHIQUINHO,ESC. MUN. PREF. ELBERTO MADRUGA,Vereador,UNIÃO,44444,17,-31.76583,-52.43325
CHIQUINHO,ESC. MUN. PROF. ELMAR DA SILVA COSTA,Vereador,UNIÃO,44444,10,-31.76353,-52.42367
CHIQUINHO,ESC. MUN. PROF. MARGARIDA GASTAL,Vereador,UNIÃO,44444,8,-31.80141,-52.40815
CIDADANIA,ESC. EST. PRES. CASTELO BRANCO,Vereador,CIDADANIA,23,2,-31.76505,-52.49741
CIDADANIA,ESC. MUN. BARAO DE STO. ANGELO,Vereador,CIDADANIA,23,2,-31.75953,-52.43821
CIDADANIA,ESC. MUN. PREF. ELBERTO MADRUGA,Vereador,CIDADANIA,23,4,-31.76583,-52.43325
CLARICE DO CARTORIO,ESC. EST. DR. DARIO DA SILVA TAVARES,Vereador,PP,11777,14,-31.76636,-52.50173
CLARICE DO CARTORIO,ESC. EST. PRES. CASTELO BRANCO,Vereador,PP,11777,39,-31.76505,-52.49741
CLARICE DO CARTORIO,ESC. MUN. BARAO DE STO. ANGELO,Vereador,PP,11777,3,-31.75953,-52.43821
CLARICE DO CARTORIO,ESC. MUN. COM. PARQUE FRAGATA,Vereador,PP,11777,2,-31.75788,-52.46384
CLARICE DO CARTORIO,ESC. MUN. PREF. ELBERTO MADRUGA,Vereador,PP,11777,6,-31.76583,-52.43325
CRISTIANE SILVEIRA,ESC. MUN. BARAO DE STO. ANGELO,Vereador,PSB,40777,4,-31.75953,-52.43821
CRISTIANE SILVEIRA,ESC. MUN. COM. PARQUE FRAGATA,Vereador,PSB,40777,3,-31.75788,-52.46384
CRISTIANE SILVEIRA,ESC. MUN. PREF. ELBERTO MADRUGA,Vereador,PSB,40777,8,-31.76583,-52.43325
CRISTINA GONÇALVES,ESC. EST. PRES. CASTELO BRANCO,Vereador,PP,11500,5,-31.76505,-52.49741
CRISTINA GONÇALVES,ESC. MUN. BARAO DE STO. ANGELO,Vereador,PP,11500,5,-31.75953,-52.43821
CRISTINA GONÇALVES,ESC. MUN. PREF. ELBERTO MADRUGA,Vereador,PP,11500,20,-31.76583,-52.43325
CRISTINA GONÇALVES,ESC. MUN. PROF. ELMAR DA SILVA COSTA,Vereador,PP,11500,1,-31.76353,-52.42367
CRISTINA GONÇALVES,ESC. MUN. PROF. MARGARIDA GASTAL,Vereador,PP,11500,1,-31.80141,-52.40815
CRÍSTONI COSTA,ESC. EST. DR. DARIO DA SILVA TAVARES,Vereador,PT,13007,8,-31.76636,-52.50173
CRÍSTONI COSTA,ESC. EST. PRES. CASTELO BRANCO,Vereador,PT,13007,9,-31.76505,-52.49741
CRÍSTONI COSTA,ESC. MUN. BARAO DE STO. ANGELO,Vereador,PT,13007,33,-31.75953,-52.43821
CRÍSTONI COSTA,ESC. MUN. COM. PARQUE FRAGATA,Vereador,PT,13007,5,-31.75788,-52.46384
CRÍSTONI COSTA,ESC. MUN. PREF. ELBERTO MADRUGA,Vereador,PT,13007,110,-31.76583,-52.43325
CRÍSTONI COSTA,ESC. MUN. PROF. ELMAR DA SILVA COSTA,Vereador,PT,13007,56,-31.76353,-52.42367
CRÍSTONI COSTA,ESC. MUN. PROF. MARGARIDA GASTAL,Vereador,PT,13007,27,-31.80141,-52.40815
DAIANA BARBOSA,ESC. EST. DR. DARIO DA SILVA TAVARES,Vereador,PSDB,45777,2,-31.76636,-52.50173
DAIANA BARBOSA,ESC. EST. PRES. CASTELO BRANCO,Vereador,PSDB,45777,12,-31.76505,-52.49741
DAIANA BARBOSA,ESC. MUN. COM. PARQUE FRAGATA,Vereador,PSDB,45777,1,-31.75788,-52.46384
DAIANA BARBOSA,ESC. MUN. PREF. ELBERTO MADRUGA,Vereador,PSDB,45777,4,-31.76583,-52.43325
DANIEL BRAUN,ESC. EST. DR. DARIO DA SILVA TAVARES,Vereador,PL,22209,1,-31.76636,-52.50173
DANIEL BRAUN,ESC. MUN. BARAO DE STO. ANGELO,Vereador,PL,22209,5,-31.75953,-52.43821
DANIEL BRAUN,ESC. MUN. PREF. ELBERTO MADRUGA,Vereador,PL,22209,14,-31.76583,-52.43325
DANIEL BRAUN,ESC. MUN. PROF. ELMAR DA SILVA COSTA,Vereador,PL,22209,5,-31.76353,-52.42367
DANIEL BRAUN,ESC. MUN. PROF. MARGARIDA GASTAL,Vereador,PL,22209,1,-31.80141,-52.40815
DAVID MARTINS,ARMAZEM TIO JULIO,Prefeito,PSDB,45,57,-31.70205,-52.58161
DAVID MARTINS,E.M.E.F. PROFESSORA DELFINA BORDALO DE PINHO,Prefeito,PSDB,45,51,-31.72917,-52.58763
DAVID MARTINS,ESC. EST. DR. DARIO DA SILVA TAVARES,Prefeito,PSDB,45,407,-31.76636,-52.50173
DAVID MARTINS,ESC. EST. PRES. CASTELO BRANCO,Prefeito,PSDB,45,1150,-31.76505,-52.49741
DAVID MARTINS,ESC. MUN. ALVARO BERCHON,Prefeito,PSDB,45,69,-31.84948,-52.67278
DAVID MARTINS,ESC. MUN. BARAO DE STO. ANGELO,Prefeito,PSDB,45,1045,-31.75953,-52.43821
DAVID MARTINS,ESC. MUN. COM. PARQUE FRAGATA,Prefeito,PSDB,45,587,-31.75788,-52.46384
DAVID MARTINS,ESC. MUN. PREF. ELBERTO MADRUGA,Prefeito,PSDB,45,1709,-31.76583,-52.43325
DAVID MARTINS,ESC. MUN. PROF. ELMAR DA SILVA COSTA,Prefeito,PSDB,45,391,-31.76353,-52.42367
DAVID MARTINS,ESC. MUN. PROF. MARGARIDA GASTAL,Prefeito,PSDB,45,226,-31.80141,-52.40815
DEIVIDE BRASIL,ESC. EST. PRES. CASTELO BRANCO,Vereador,PP,11011,2,-31.76505,-52.49741
DEIVIDE BRASIL,ESC. MUN. BARAO DE STO. ANGELO,Vereador,PP,11011,18,-31.75953,-52.43821
DEIVIDE BRASIL,ESC. MUN. COM. PARQUE FRAGATA,Vereador,PP,11011,3,-31.75788,-52.46384
DEIVIDE BRASIL,ESC. MUN. PREF. ELBERTO MADRUGA,Vereador,PP,11011,19,-31.76583,-52.43325
DEIVIDE BRASIL,ESC. MUN. PROF. ELMAR DA SILVA COSTA,Vereador,PP,11011,5,-31.76353,-52.42367
DELMAR XAVIER,ESC. EST. DR. DARIO DA SILVA TAVARES,Vereador,PL,22212,8,-31.76636,-52.50173
DELMAR XAVIER,ESC. EST. PRES. CASTELO BRANCO,Vereador,PL,22212,9,-31.76505,-52.49741
DELMAR XAVIER,ESC. MUN. BARAO DE STO. ANGELO,Vereador,PL,22212,1,-31.75953,-52.43821
DELMAR XAVIER,ESC. MUN. COM. PARQUE FRAGATA,Vereador,PL,22212,1,-31.75788,-52.46384
DIEGO DO POVO,E.M.E.F. PROFESSORA DELFINA BORDALO DE PINHO,Vereador,PSB,40666,1,-31.72917,-52.58763
DIEGO DO POVO,ESC. MUN. ALVARO BERCHON,Vereador,PSB,40666,3,-31.84948,-52.67278
DIEGO DO POVO,ESC. MUN. BARAO DE STO. ANGELO,Vereador,PSB,40666,5,-31.75953,-52.43821
DIEGO DO POVO,ESC. MUN. PREF. ELBERTO MADRUGA,Vereador,PSB,40666,28,-31.76583,-52.43325
DIEGO DO POVO,ESC. MUN. PROF. ELMAR DA SILVA COSTA,Vereador,PSB,40666,5,-31.76353,-52.42367
DR JARBAS XAVIER,ARMAZEM TIO JULIO,Vereador,PP,11001,3,-31.70205,-52.58161
DR JARBAS XAVIER,E.M.E.F. PROFESSORA DELFINA BORDALO DE PINHO,Vereador,PP,11001,4,-31.72917,-52.58763
DR JARBAS XAVIER,ESC. EST. DR. DARIO DA SILVA TAVARES,Vereador,PP,11001,9,-31.76636,-52.50173
DR JARBAS XAVIER,ESC. EST. PRES. CASTELO BRANCO,Vereador,PP,11001,21,-31.76505,-52.49741
DR JARBAS XAVIER,ESC. MUN. ALVARO BERCHON,Vereador,PP,11001,4,-31.84948,-52.67278
DR JARBAS XAVIER,ESC. MUN. BARAO DE STO. ANGELO,Vereador,PP,11001,18,-31.75953,-52.43821
DR JARBAS XAVIER,ESC. MUN. COM. PARQUE FRAGATA,Vereador,PP,11001,14,-31.75788,-52.46384
DR JARBAS XAVIER,ESC. MUN. PREF. ELBERTO MADRUGA,Vereador,PP,11001,21,-31.76583,-52.43325
DR JARBAS XAVIER,ESC. MUN. PROF. ELMAR DA SILVA COSTA,Vereador,PP,11001,2,-31.76353,-52.42367
DR JARBAS XAVIER,ESC. MUN. PROF. MARGARIDA GASTAL,Vereador,PP,11001,5,-31.80141,-52.40815
EDSON CABELO,ESC. MUN. BARAO DE STO. ANGELO,Vereador,MDB,15678,5,-31.75953,-52.43821
EDSON CABELO,ESC. MUN. PREF. ELBERTO MADRUGA,Vereador,MDB,15678,5,-31.76583,-52.43325
EDSON CABELO,ESC. MUN. PROF. ELMAR DA SILVA COSTA,Vereador,MDB,15678,1,-31.76353,-52.42367
ELOCIR PINTADO,ARMAZEM TIO JULIO,Vereador,UNIÃO,44567,3,-31.70205,-52.58161
ELOCIR PINTADO,ESC. EST. DR. DARIO DA SILVA TAVARES,Vereador,UNIÃO,44567,23,-31.76636,-52.50173
ELOCIR PINTADO,ESC. EST. PRES. CASTELO BRANCO,Vereador,UNIÃO,44567,51,-31.76505,-52.49741
ELOCIR PINTADO,ESC. MUN. BARAO DE STO. ANGELO,Vereador,UNIÃO,44567,44,-31.75953,-52.43821
ELOCIR PINTADO,ESC. MUN. COM. PARQUE FRAGATA,Vereador,UNIÃO,44567,20,-31.75788,-52.46384
ELOCIR PINTADO,ESC. MUN. PREF. ELBERTO MADRUGA,Vereador,UNIÃO,44567,48,-31.76583,-52.43325
ELOCIR PINTADO,ESC. MUN. PROF. ELMAR DA SILVA COSTA,Vereador,UNIÃO,44567,21,-31.76353,-52.42367
ELOCIR PINTADO,ESC. MUN. PROF. MARGARIDA GASTAL,Vereador,UNIÃO,44567,5,-31.80141,-52.40815
ELTON MENA,ARMAZEM TIO JULIO,Vereador,UNIÃO,44000,3,-31.70205,-52.58161
ELTON MENA,ESC. EST. DR. DARIO DA SILVA TAVARES,Vereador,UNIÃO,44000,2,-31.76636,-52.50173
ELTON MENA,ESC. EST. PRES. CASTELO BRANCO,Vereador,UNIÃO,44000,3,-31.76505,-52.49741
ELTON MENA,ESC. MUN. BARAO DE STO. ANGELO,Vereador,UNIÃO,44000,17,-31.75953,-52.43821
ELTON MENA,ESC. MUN. COM. PARQUE FRAGATA,Vereador,UNIÃO,44000,5,-31.75788,-52.46384
ELTON MENA,ESC. MUN. PREF. ELBERTO MADRUGA,Vereador,UNIÃO,44000,36,-31.76583,-52.43325
ELTON MENA,ESC. MUN. PROF. ELMAR DA SILVA COSTA,Vereador,UNIÃO,44000,25,-31.76353,-52.42367
ELTON MENA,ESC. MUN. PROF. MARGARIDA GASTAL,Vereador,UNIÃO,44000,4,-31.80141,-52.40815
ERICA DUARTE,ESC. EST. DR. DARIO DA SILVA TAVARES,Vereador,PL,22000,2,-31.76636,-52.50173
ERICA DUARTE,ESC. EST. PRES. CASTELO BRANCO,Vereador,PL,22000,21,-31.76505,-52.49741
ERICA DUARTE,ESC. MUN. ALVARO BERCHON,Vereador,PL,22000,1,-31.84948,-52.67278
ERICA DUARTE,ESC. MUN. BARAO DE STO. ANGELO,Vereador,PL,22000,1,-31.75953,-52.43821
ERICA DUARTE,ESC. MUN. PROF. ELMAR DA SILVA COSTA,Vereador,PL,22000,3,-31.76353,-52.42367
EVERTON FAGUNDES,ESC. EST. DR. DARIO DA SILVA TAVARES,Vereador,PSDB,45145,2,-31.76636,-52.50173
EVERTON FAGUNDES,ESC. EST. PRES. CASTELO BRANCO,Vereador,PSDB,45145,14,-31.76505,-52.49741
EVERTON FAGUNDES,ESC. MUN. BARAO DE STO. ANGELO,Vereador,PSDB,45145,69,-31.75953,-52.43821
EVERTON FAGUNDES,ESC. MUN. COM. PARQUE FRAGATA,Vereador,PSDB,45145,14,-31.75788,-52.46384
EVERTON FAGUNDES,ESC. MUN. PREF. ELBERTO MADRUGA,Vereador,PSDB,45145,25,-31.76583,-52.43325
EVERTON FAGUNDES,ESC. MUN. PROF. ELMAR DA SILVA COSTA,Vereador,PSDB,45145,7,-31.76353,-52.42367
EVERTON FAGUNDES,ESC. MUN. PROF. MARGARIDA GASTAL,Vereador,PSDB,45145,3,-31.80141,-52.40815
FABIO BOLACHA,ESC. EST. PRES. CASTELO BRANCO,Vereador,PSD,55666,1,-31.76505,-52.49741
FABIO BOLACHA,ESC. MUN. BARAO DE STO. ANGELO,Vereador,PSD,55666,6,-31.75953,-52.43821
FABIO BOLACHA,ESC. MUN. PREF. ELBERTO MADRUGA,Vereador,PSD,55666,12,-31.76583,-52.43325
FABIO BOLACHA,ESC. MUN. PROF. ELMAR DA SILVA COSTA,Vereador,PSD,55666,8,-31.76353,-52.42367
FABIO BOLACHA,ESC. MUN. PROF. MARGARIDA GASTAL,Vereador,PSD,55666,10,-31.80141,-52.40815
FALA PATRÃO,ESC. EST. DR. DARIO DA SILVA TAVARES,Vereador,UNIÃO,44777,3,-31.76636,-52.50173
FALA PATRÃO,ESC. EST. PRES. CASTELO BRANCO,Vereador,UNIÃO,44777,3,-31.76505,-52.49741
FALA PATRÃO,ESC. MUN. BARAO DE STO. ANGELO,Vereador,UNIÃO,44777,1,-31.75953,-52.43821
FALA PATRÃO,ESC. MUN. COM. PARQUE FRAGATA,Vereador,UNIÃO,44777,7,-31.75788,-52.46384
FALA PATRÃO,ESC. MUN. PREF. ELBERTO MADRUGA,Vereador,UNIÃO,44777,2,-31.76583,-52.43325
FERNANDA RIBEIRO,ARMAZEM TIO JULIO,Vereador,PP,11232,1,-31.70205,-52.58161
FERNANDA RIBEIRO,E.M.E.F. PROFESSORA DELFINA BORDALO DE PINHO,Vereador,PP,11232,3,-31.72917,-52.58763
FERNANDA RIBEIRO,ESC. EST. DR. DARIO DA SILVA TAVARES,Vereador,PP,11232,95,-31.76636,-52.50173
FERNANDA RIBEIRO,ESC. EST. PRES. CASTELO BRANCO,Vereador,PP,11232,190,-31.76505,-52.49741
FERNANDA RIBEIRO,ESC. MUN. ALVARO BERCHON,Vereador,PP,11232,1,-31.84948,-52.67278
FERNANDA RIBEIRO,ESC. MUN. BARAO DE STO. ANGELO,Vereador,PP,11232,20,-31.75953,-52.43821
FERNANDA RIBEIRO,ESC. MUN. COM. PARQUE FRAGATA,Vereador,PP,11232,19,-31.75788,-52.46384
FERNANDA RIBEIRO,ESC. MUN. PREF. ELBERTO MADRUGA,Vereador,PP,11232,27,-31.76583,-52.43325
FERNANDA RIBEIRO,ESC. MUN. PROF. ELMAR DA SILVA COSTA,Vereador,PP,11232,17,-31.76353,-52.42367
FERNANDA RIBEIRO,ESC. MUN. PROF. MARGARIDA GASTAL,Vereador,PP,11232,2,-31.80141,-52.40815
GABRIELA ALBUQUERQUE,ESC. EST. DR. DARIO DA SILVA TAVARES,Vereador,MDB,15000,46,-31.76636,-52.50173
GABRIELA ALBUQUERQUE,ESC. EST. PRES. CASTELO BRANCO,Vereador,MDB,15000,25,-31.76505,-52.49741
GABRIELA ALBUQUERQUE,ESC. MUN. BARAO DE STO. ANGELO,Vereador,MDB,15000,2,-31.75953,-52.43821
GABRIELA ALBUQUERQUE,ESC. MUN. COM. PARQUE FRAGATA,Vereador,MDB,15000,4,-31.75788,-52.46384
GABRIELA ALBUQUERQUE,ESC. MUN. PREF. ELBERTO MADRUGA,Vereador,MDB,15000,6,-31.76583,-52.43325
GABRIELA ALBUQUERQUE,ESC. MUN. PROF. ELMAR DA SILVA COSTA,Vereador,MDB,15000,1,-31.76353,-52.42367
GABRIELA ALBUQUERQUE,ESC. MUN. PROF. MARGARIDA GASTAL,Vereador,MDB,15000,3,-31.80141,-52.40815
GIMENES DO GÁS (ZÉ),ESC. EST. DR. DARIO DA SILVA TAVARES,Vereador,UNIÃO,44123,1,-31.76636,-52.50173
GIMENES DO GÁS (ZÉ),ESC. EST. PRES. CASTELO BRANCO,Vereador,UNIÃO,44123,2,-31.76505,-52.49741
GIMENES DO GÁS (ZÉ),ESC. MUN. BARAO DE STO. ANGELO,Vereador,UNIÃO,44123,5,-31.75953,-52.43821
GIMENES DO GÁS (ZÉ),ESC. MUN. COM. PARQUE FRAGATA,Vereador,UNIÃO,44123,1,-31.75788,-52.46384
GIMENES DO GÁS (ZÉ),ESC. MUN. PREF. ELBERTO MADRUGA,Vereador,UNIÃO,44123,26,-31.76583,-52.43325
GIMENES DO GÁS (ZÉ),ESC. MUN. PROF. ELMAR DA SILVA COSTA,Vereador,UNIÃO,44123,11,-31.76353,-52.42367
GIOVANA XAVIER,ESC. EST. PRES. CASTELO BRANCO,Vereador,PSD,55555,6,-31.76505,-52.49741
GIOVANA XAVIER,ESC. MUN. BARAO DE STO. ANGELO,Vereador,PSD,55555,10,-31.75953,-52.43821
GIOVANA XAVIER,ESC. MUN. COM. PARQUE FRAGATA,Vereador,PSD,55555,2,-31.75788,-52.46384
GIOVANA XAVIER,ESC. MUN. PREF. ELBERTO MADRUGA,Vereador,PSD,55555,24,-31.76583,-52.43325
GIOVANA XAVIER,ESC. MUN. PROF. ELMAR DA SILVA COSTA,Vereador,PSD,55555,5,-31.76353,-52.42367
GIOVANE TAVARES,ESC. MUN. BARAO DE STO. ANGELO,Vereador,PDT,12555,6,-31.75953,-52.43821
GIOVANE TAVARES,ESC. MUN. COM. PARQUE FRAGATA,Vereador,PDT,12555,1,-31.75788,-52.46384
GIOVANE TAVARES,ESC. MUN. PREF. ELBERTO MADRUGA,Vereador,PDT,12555,6,-31.76583,-52.43325
GIOVANE TAVARES,ESC. MUN. PROF. ELMAR DA SILVA COSTA,Vereador,PDT,12555,2,-31.76353,-52.42367
GISLAINE DA SAÚDE,E.M.E.F. PROFESSORA DELFINA BORDALO DE PINHO,Vereador,PSD,55999,2,-31.72917,-52.58763
GISLAINE DA SAÚDE,ESC. EST. DR. DARIO DA SILVA TAVARES,Vereador,PSD,55999,2,-31.76636,-52.50173
GISLAINE DA SAÚDE,ESC. EST. PRES. CASTELO BRANCO,Vereador,PSD,55999,18,-31.76505,-52.49741
GISLAINE DA SAÚDE,ESC. MUN. BARAO DE STO. ANGELO,Vereador,PSD,55999,59,-31.75953,-52.43821
GISLAINE DA SAÚDE,ESC. MUN. COM. PARQUE FRAGATA,Vereador,PSD,55999,9,-31.75788,-52.46384
GISLAINE DA SAÚDE,ESC. MUN. PREF. ELBERTO MADRUGA,Vereador,PSD,55999,142,-31.76583,-52.43325
GISLAINE DA SAÚDE,ESC. MUN. PROF. ELMAR DA SILVA COSTA,Vereador,PSD,55999,25,-31.76353,-52.42367
GISLAINE DA SAÚDE,ESC. MUN. PROF. MARGARIDA GASTAL,Vereador,PSD,55999,8,-31.80141,-52.40815
GIZELE SALLES,ESC. EST. DR. DARIO DA SILVA TAVARES,Vereador,PL,22277,2,-31.76636,-52.50173
GIZELE SALLES,ESC. EST. PRES. CASTELO BRANCO,Vereador,PL,22277,15,-31.76505,-52.49741
GIZELE SALLES,ESC. MUN. BARAO DE STO. ANGELO,Vereador,PL,22277,1,-31.75953,-52.43821
GIZELE SALLES,ESC. MUN. COM. PARQUE FRAGATA,Vereador,PL,22277,15,-31.75788,-52.46384
HELVECIO,ARMAZEM TIO JULIO,Vereador,PSB,40000,1,-31.70205,-52.58161
HELVECIO,ESC. EST. DR. DARIO DA SILVA TAVARES,Vereador,PSB,40000,5,-31.76636,-52.50173
HELVECIO,ESC. EST. PRES. CASTELO BRANCO,Vereador,PSB,40000,14,-31.76505,-52.49741
HELVECIO,ESC. MUN. BARAO DE STO. ANGELO,Vereador,PSB,40000,30,-31.75953,-52.43821
HELVECIO,ESC. MUN. COM. PARQUE FRAGATA,Vereador,PSB,40000,22,-31.75788,-52.46384
HELVECIO,ESC. MUN. PREF. ELBERTO MADRUGA,Vereador,PSB,40000,50,-31.76583,-52.43325
HELVECIO,ESC. MUN. PROF. ELMAR DA SILVA COSTA,Vereador,PSB,40000,18,-31.76353,-52.42367
HELVECIO,ESC. MUN. PROF. MARGARIDA GASTAL,Vereador,PSB,40000,12,-31.80141,-52.40815
ISAIAS MEDEIROS,ESC. EST. DR. DARIO DA SILVA TAVARES,Vereador,PL,22202,2,-31.76636,-52.50173
ISAIAS MEDEIROS,ESC. EST. PRES. CASTELO BRANCO,Vereador,PL,22202,4,-31.76505,-52.49741
ISAIAS MEDEIROS,ESC. MUN. BARAO DE STO. ANGELO,Vereador,PL,22202,9,-31.75953,-52.43821
ISAIAS MEDEIROS,ESC. MUN. COM. PARQUE FRAGATA,Vereador,PL,22202,7,-31.75788,-52.46384
ISAIAS MEDEIROS,ESC. MUN. PREF. ELBERTO MADRUGA,Vereador,PL,22202,20,-31.76583,-52.43325
ISAIAS MEDEIROS,ESC. MUN. PROF. ELMAR DA SILVA COSTA,Vereador,PL,22202,1,-31.76353,-52.42367
ISMAEL DA LUZ,ESC. EST. DR. DARIO DA SILVA TAVARES,Vereador,PDT,12123,2,-31.76636,-52.50173
ISMAEL DA LUZ,ESC. EST. PRES. CASTELO BRANCO,Vereador,PDT,12123,19,-31.76505,-52.49741
ISMAEL DA LUZ,ESC. MUN. BARAO DE STO. ANGELO,Vereador,PDT,12123,2,-31.75953,-52.43821
ISMAEL DA LUZ,ESC. MUN. COM. PARQUE FRAGATA,Vereador,PDT,12123,1,-31.75788,-52.46384
ISMAEL DA LUZ,ESC. MUN. PREF. ELBERTO MADRUGA,Vereador,PDT,12123,7,-31.76583,-52.43325
ISMAEL DA LUZ,ESC. MUN. PROF. ELMAR DA SILVA COSTA,Vereador,PDT,12123,2,-31.76353,-52.42367
ISMAEL DA LUZ,ESC. MUN. PROF. MARGARIDA GASTAL,Vereador,PDT,12123,115,-31.80141,-52.40815
JACARÉ,ARMAZEM TIO JULIO,Vereador,PSDB,45061,1,-31.70205,-52.58161
JACARÉ,ESC. EST. DR. DARIO DA SILVA TAVARES,Vereador,PSDB,45061,4,-31.76636,-52.50173
JACARÉ,ESC. EST. PRES. CASTELO BRANCO,Vereador,PSDB,45061,13,-31.76505,-52.49741
JACARÉ,ESC. MUN. BARAO DE STO. ANGELO,Vereador,PSDB,45061,106,-31.75953,-52.43821
JACARÉ,ESC. MUN. COM. PARQUE FRAGATA,Vereador,PSDB,45061,9,-31.75788,-52.46384
JACARÉ,ESC. MUN. PREF. ELBERTO MADRUGA,Vereador,PSDB,45061,182,-31.76583,-52.43325
JACARÉ,ESC. MUN. PROF. ELMAR DA SILVA COSTA,Vereador,PSDB,45061,36,-31.76353,-52.42367
JACARÉ,ESC. MUN. PROF. MARGARIDA GASTAL,Vereador,PSDB,45061,6,-31.80141,-52.40815
JAQUELINE OLIVEIRA,ESC. EST. DR. DARIO DA SILVA TAVARES,Vereador,PT,13000,5,-31.76636,-52.50173
JAQUELINE OLIVEIRA,ESC. EST. PRES. CASTELO BRANCO,Vereador,PT,13000,52,-31.76505,-52.49741
JAQUELINE OLIVEIRA,ESC. MUN. BARAO DE STO. ANGELO,Vereador,PT,13000,3,-31.75953,-52.43821
JAQUELINE OLIVEIRA,ESC. MUN. PREF. ELBERTO MADRUGA,Vereador,PT,13000,5,-31.76583,-52.43325
JAQUELINE OLIVEIRA,ESC. MUN. PROF. ELMAR DA SILVA COSTA,Vereador,PT,13000,3,-31.76353,-52.42367
JAQUELINE OLIVEIRA,ESC. MUN. PROF. MARGARIDA GASTAL,Vereador,PT,13000,4,-31.80141,-52.40815
JAQUES BORRACHA,ARMAZEM TIO JULIO,Prefeito,PT,13,5,-31.70205,-52.58161
JAQUES BORRACHA,E.M.E.F. PROFESSORA DELFINA BORDALO DE PINHO,Prefeito,PT,13,5,-31.72917,-52.58763
JAQUES BORRACHA,ESC. EST. DR. DARIO DA SILVA TAVARES,Prefeito,PT,13,87,-31.76636,-52.50173
JAQUES BORRACHA,ESC. EST. PRES. CASTELO BRANCO,Prefeito,PT,13,291,-31.76505,-52.49741
JAQUES BORRACHA,ESC. MUN. ALVARO BERCHON,Prefeito,PT,13,10,-31.84948,-52.67278
JAQUES BORRACHA,ESC. MUN. BARAO DE STO. ANGELO,Prefeito,PT,13,210,-31.75953,-52.43821
JAQUES BORRACHA,ESC. MUN. COM. PARQUE FRAGATA,Prefeito,PT,13,111,-31.75788,-52.46384
JAQUES BORRACHA,ESC. MUN. PREF. ELBERTO MADRUGA,Prefeito,PT,13,432,-31.76583,-52.43325
JAQUES BORRACHA,ESC. MUN. PROF. ELMAR DA SILVA COSTA,Prefeito,PT,13,132,-31.76353,-52.42367
JAQUES BORRACHA,ESC. MUN. PROF. MARGARIDA GASTAL,Prefeito,PT,13,144,-31.80141,-52.40815
JOICE NOGUES,ESC. EST. DR. DARIO DA SILVA TAVARES,Vereador,MDB,15777,1,-31.76636,-52.50173
JOICE NOGUES,ESC. EST. PRES. CASTELO BRANCO,Vereador,MDB,15777,4,-31.76505,-52.49741
JOICE NOGUES,ESC. MUN. BARAO DE STO. ANGELO,Vereador,MDB,15777,25,-31.75953,-52.43821
JOICE NOGUES,ESC. MUN. COM. PARQUE FRAGATA,Vereador,MDB,15777,3,-31.75788,-52.46384
JOICE NOGUES,ESC. MUN. PREF. ELBERTO MADRUGA,Vereador,MDB,15777,21,-31.76583,-52.43325
JOICE NOGUES,ESC. MUN. PROF. ELMAR DA SILVA COSTA,Vereador,MDB,15777,8,-31.76353,-52.42367
JOSEANE MATIAS,ESC. EST. DR. DARIO DA SILVA TAVARES,Vereador,PSDB,45149,7,-31.76636,-52.50173
JOSEANE MATIAS,ESC. EST. PRES. CASTELO BRANCO,Vereador,PSDB,45149,69,-31.76505,-52.49741
JOSEANE MATIAS,ESC. MUN. BARAO DE STO. ANGELO,Vereador,PSDB,45149,9,-31.75953,-52.43821
JOSEANE MATIAS,ESC. MUN. COM. PARQUE FRAGATA,Vereador,PSDB,45149,74,-31.75788,-52.46384
JOSEANE MATIAS,ESC. MUN. PREF. ELBERTO MADRUGA,Vereador,PSDB,45149,14,-31.76583,-52.43325
JOSEANE MATIAS,ESC. MUN. PROF. ELMAR DA SILVA COSTA,Vereador,PSDB,45149,8,-31.76353,-52.42367
JOÃO LUIZ CABURÉ,ESC. EST. DR. DARIO DA SILVA TAVARES,Vereador,PT,13555,2,-31.76636,-52.50173
JOÃO LUIZ CABURÉ,ESC. EST. PRES. CASTELO BRANCO,Vereador,PT,13555,1,-31.76505,-52.49741
JOÃO LUIZ CABURÉ,ESC. MUN. BARAO DE STO. ANGELO,Vereador,PT,13555,8,-31.75953,-52.43821
JOÃO LUIZ CABURÉ,ESC. MUN. PREF. ELBERTO MADRUGA,Vereador,PT,13555,12,-31.76583,-52.43325
JOÃO LUIZ CABURÉ,ESC. MUN. PROF. ELMAR DA SILVA COSTA,Vereador,PT,13555,5,-31.76353,-52.42367
JOÃO LUIZ CABURÉ,ESC. MUN. PROF. MARGARIDA GASTAL,Vereador,PT,13555,8,-31.80141,-52.40815
JULIANO MENDES ALÔ COMUNIDADE,ESC. EST. PRES. CASTELO BRANCO,Vereador,PSB,40555,3,-31.76505,-52.49741
JULIANO MENDES ALÔ COMUNIDADE,ESC. MUN. BARAO DE STO. ANGELO,Vereador,PSB,40555,9,-31.75953,-52.43821
JULIANO MENDES ALÔ COMUNIDADE,ESC. MUN. COM. PARQUE FRAGATA,Vereador,PSB,40555,9,-31.75788,-52.46384
JULIANO MENDES ALÔ COMUNIDADE,ESC. MUN. PREF. ELBERTO MADRUGA,Vereador,PSB,40555,16,-31.76583,-52.43325
JULIANO MENDES ALÔ COMUNIDADE,ESC. MUN. PROF. ELMAR DA SILVA COSTA,Vereador,PSB,40555,5,-31.76353,-52.42367
JULIANO MENDES ALÔ COMUNIDADE,ESC. MUN. PROF. MARGARIDA GASTAL,Vereador,PSB,40555,1,-31.80141,-52.40815
JUNIOR GOMES,ARMAZEM TIO JULIO,Vereador,MDB,15555,2,-31.70205,-52.58161
JUNIOR GOMES,E.M.E.F. PROFESSORA DELFINA BORDALO DE PINHO,Vereador,MDB,15555,6,-31.72917,-52.58763
JUNIOR GOMES,ESC. EST. DR. DARIO DA SILVA TAVARES,Vereador,MDB,15555,8,-31.76636,-52.50173
JUNIOR GOMES,ESC. EST. PRES. CASTELO BRANCO,Vereador,MDB,15555,45,-31.76505,-52.49741
JUNIOR GOMES,ESC. MUN. BARAO DE STO. ANGELO,Vereador,MDB,15555,23,-31.75953,-52.43821
JUNIOR GOMES,ESC. MUN. COM. PARQUE FRAGATA,Vereador,MDB,15555,148,-31.75788,-52.46384
JUNIOR GOMES,ESC. MUN. PREF. ELBERTO MADRUGA,Vereador,MDB,15555,30,-31.76583,-52.43325
JUNIOR GOMES,ESC. MUN. PROF. ELMAR DA SILVA COSTA,Vereador,MDB,15555,5,-31.76353,-52.42367
JUNIOR GOMES,ESC. MUN. PROF. MARGARIDA GASTAL,Vereador,MDB,15555,2,-31.80141,-52.40815
LELEI QUEVEDO,E.M.E.F. PROFESSORA DELFINA BORDALO DE PINHO,Vereador,PSDB,45045,2,-31.72917,-52.58763
LELEI QUEVEDO,ESC. EST. DR. DARIO DA SILVA TAVARES,Vereador,PSDB,45045,16,-31.76636,-52.50173
LELEI QUEVEDO,ESC. EST. PRES. CASTELO BRANCO,Vereador,PSDB,45045,71,-31.76505,-52.49741
LELEI QUEVEDO,ESC. MUN. ALVARO BERCHON,Vereador,PSDB,45045,1,-31.84948,-52.67278
LELEI QUEVEDO,ESC. MUN. BARAO DE STO. ANGELO,Vereador,PSDB,45045,71,-31.75953,-52.43821
LELEI QUEVEDO,ESC. MUN. COM. PARQUE FRAGATA,Vereador,PSDB,45045,34,-31.75788,-52.46384
LELEI QUEVEDO,ESC. MUN. PREF. ELBERTO MADRUGA,Vereador,PSDB,45045,124,-31.76583,-52.43325
LELEI QUEVEDO,ESC. MUN. PROF. ELMAR DA SILVA COSTA,Vereador,PSDB,45045,29,-31.76353,-52.42367
LELEI QUEVEDO,ESC. MUN. PROF. MARGARIDA GASTAL,Vereador,PSDB,45045,27,-31.80141,-52.40815
LEONARDO BRASIL,ESC. EST. DR. DARIO DA SILVA TAVARES,Vereador,PL,22222,20,-31.76636,-52.50173
LEONARDO BRASIL,ESC. EST. PRES. CASTELO BRANCO,Vereador,PL,22222,191,-31.76505,-52.49741
LEONARDO BRASIL,ESC. MUN. BARAO DE STO. ANGELO,Vereador,PL,22222,27,-31.75953,-52.43821
LEONARDO BRASIL,ESC. MUN. COM. PARQUE FRAGATA,Vereador,PL,22222,11,-31.75788,-52.46384
LEONARDO BRASIL,ESC. MUN. PREF. ELBERTO MADRUGA,Vereador,PL,22222,18,-31.76583,-52.43325
LEONARDO BRASIL,ESC. MUN. PROF. ELMAR DA SILVA COSTA,Vereador,PL,22222,3,-31.76353,-52.42367
LILI,ARMAZEM TIO JULIO,Vereador,PSDB,45023,10,-31.70205,-52.58161
LILI,ESC. EST. DR. DARIO DA SILVA TAVARES,Vereador,PSDB,45023,21,-31.76636,-52.50173
LILI,ESC. EST. PRES. CASTELO BRANCO,Vereador,PSDB,45023,64,-31.76505,-52.49741
LILI,ESC. MUN. ALVARO BERCHON,Vereador,PSDB,45023,1,-31.84948,-52.67278
LILI,ESC. MUN. BARAO DE STO. ANGELO,Vereador,PSDB,45023,16,-31.75953,-52.43821
LILI,ESC. MUN. COM. PARQUE FRAGATA,Vereador,PSDB,45023,18,-31.75788,-52.46384
LILI,ESC. MUN. PREF. ELBERTO MADRUGA,Vereador,PSDB,45023,6,-31.76583,-52.43325
LILI,ESC. MUN. PROF. ELMAR DA SILVA COSTA,Vereador,PSDB,45023,5,-31.76353,-52.42367
LILICA GODINHO,ESC. EST. DR. DARIO DA SILVA TAVARES,Vereador,PSD,55123,24,-31.76636,-52.50173
LILICA GODINHO,ESC. EST. PRES. CASTELO BRANCO,Vereador,PSD,55123,118,-31.76505,-52.49741
LILICA GODINHO,ESC. MUN. BARAO DE STO. ANGELO,Vereador,PSD,55123,7,-31.75953,-52.43821
LILICA GODINHO,ESC. MUN. COM. PARQUE FRAGATA,Vereador,PSD,55123,4,-31.75788,-52.46384
LILICA GODINHO,ESC. MUN. PREF. ELBERTO MADRUGA,Vereador,PSD,55123,7,-31.76583,-52.43325
LILICA GODINHO,ESC. MUN. PROF. ELMAR DA SILVA COSTA,Vereador,PSD,55123,4,-31.76353,-52.42367
LOECI SOUZA,ESC. EST. DR. DARIO DA SILVA TAVARES,Vereador,MDB,15123,2,-31.76636,-52.50173
LOECI SOUZA,ESC. EST. PRES. CASTELO BRANCO,Vereador,MDB,15123,5,-31.76505,-52.49741
LOECI SOUZA,ESC. MUN. BARAO DE STO. ANGELO,Vereador,MDB,15123,11,-31.75953,-52.43821
LOECI SOUZA,ESC. MUN. COM. PARQUE FRAGATA,Vereador,MDB,15123,7,-31.75788,-52.46384
LOECI SOUZA,ESC. MUN. PREF. ELBERTO MADRUGA,Vereador,MDB,15123,20,-31.76583,-52.43325
LOECI SOUZA,ESC. MUN. PROF. ELMAR DA SILVA COSTA,Vereador,MDB,15123,4,-31.76353,-52.42367
LOECI SOUZA,ESC. MUN. PROF. MARGARIDA GASTAL,Vereador,MDB,15123,1,-31.80141,-52.40815
LUCIANA (LÚ),ARMAZEM TIO JULIO,Vereador,UNIÃO,44999,1,-31.70205,-52.58161
LUCIANA (LÚ),ESC. EST. PRES. CASTELO BRANCO,Vereador,UNIÃO,44999,1,-31.76505,-52.49741
LUCIANA (LÚ),ESC. MUN. COM. PARQUE FRAGATA,Vereador,UNIÃO,44999,7,-31.75788,-52.46384
LUCIANA (LÚ),ESC. MUN. PREF. ELBERTO MADRUGA,Vereador,UNIÃO,44999,2,-31.76583,-52.43325
LUCIANO VIEGAS,ESC. EST. DR. DARIO DA SILVA TAVARES,Vereador,PP,11111,12,-31.76636,-52.50173
LUCIANO VIEGAS,ESC. EST. PRES. CASTELO BRANCO,Vereador,PP,11111,52,-31.76505,-52.49741
LUCIANO VIEGAS,ESC. MUN. BARAO DE STO. ANGELO,Vereador,PP,11111,4,-31.75953,-52.43821
LUCIANO VIEGAS,ESC. MUN. COM. PARQUE FRAGATA,Vereador,PP,11111,5,-31.75788,-52.46384
LUCIANO VIEGAS,ESC. MUN. PREF. ELBERTO MADRUGA,Vereador,PP,11111,5,-31.76583,-52.43325
LUCIANO VIEGAS,ESC. MUN. PROF. ELMAR DA SILVA COSTA,Vereador,PP,11111,2,-31.76353,-52.42367
LUCIANO VIEGAS,ESC. MUN. PROF. MARGARIDA GASTAL,Vereador,PP,11111,1,-31.80141,-52.40815
LUIS HENRIQUE TAFAREL,ARMAZEM TIO JULIO,Vereador,MDB,15610,3,-31.70205,-52.58161
LUIS HENRIQUE TAFAREL,E.M.E.F. PROFESSORA DELFINA BORDALO DE PINHO,Vereador,MDB,15610,2,-31.72917,-52.58763
LUIS HENRIQUE TAFAREL,ESC. EST. DR. DARIO DA SILVA TAVARES,Vereador,MDB,15610,12,-31.76636,-52.50173
LUIS HENRIQUE TAFAREL,ESC. EST. PRES. CASTELO BRANCO,Vereador,MDB,15610,41,-31.76505,-52.49741
LUIS HENRIQUE TAFAREL,ESC. MUN. ALVARO BERCHON,Vereador,MDB,15610,4,-31.84948,-52.67278
LUIS HENRIQUE TAFAREL,ESC. MUN. BARAO DE STO. ANGELO,Vereador,MDB,15610,43,-31.75953,-52.43821
LUIS HENRIQUE TAFAREL,ESC. MUN. COM. PARQUE FRAGATA,Vereador,MDB,15610,11,-31.75788,-52.46384
LUIS HENRIQUE TAFAREL,ESC. MUN. PREF. ELBERTO MADRUGA,Vereador,MDB,15610,58,-31.76583,-52.43325
LUIS HENRIQUE TAFAREL,ESC. MUN. PROF. ELMAR DA SILVA COSTA,Vereador,MDB,15610,8,-31.76353,-52.42367
LUIS HENRIQUE TAFAREL,ESC. MUN. PROF. MARGARIDA GASTAL,Vereador,MDB,15610,5,-31.80141,-52.40815
MARA BARCELOS,ARMAZEM TIO JULIO,Vereador,PSDB,45678,1,-31.70205,-52.58161
MARA BARCELOS,E.M.E.F. PROFESSORA DELFINA BORDALO DE PINHO,Vereador,PSDB,45678,7,-31.72917,-52.58763
MARA BARCELOS,ESC. EST. PRES. CASTELO BRANCO,Vereador,PSDB,45678,8,-31.76505,-52.49741
MARA BARCELOS,ESC. MUN. ALVARO BERCHON,Vereador,PSDB,45678,1,-31.84948,-52.67278
MARA BARCELOS,ESC. MUN. BARAO DE STO. ANGELO,Vereador,PSDB,45678,29,-31.75953,-52.43821
MARA BARCELOS,ESC. MUN. COM. PARQUE FRAGATA,Vereador,PSDB,45678,2,-31.75788,-52.46384
MARA BARCELOS,ESC. MUN. PREF. ELBERTO MADRUGA,Vereador,PSDB,45678,66,-31.76583,-52.43325
MARA BARCELOS,ESC. MUN. PROF. ELMAR DA SILVA COSTA,Vereador,PSDB,45678,8,-31.76353,-52.42367
MARA BARCELOS,ESC. MUN. PROF. MARGARIDA GASTAL,Vereador,PSDB,45678,32,-31.80141,-52.40815
MARCIELE TALAVITZ,ARMAZEM TIO JULIO,Vereador,PT,13123,1,-31.70205,-52.58161
MARCIELE TALAVITZ,ESC. EST. DR. DARIO DA SILVA TAVARES,Vereador,PT,13123,3,-31.76636,-52.50173
MARCIELE TALAVITZ,ESC. EST. PRES. CASTELO BRANCO,Vereador,PT,13123,6,-31.76505,-52.49741
MARCIELE TALAVITZ,ESC. MUN. BARAO DE STO. ANGELO,Vereador,PT,13123,11,-31.75953,-52.43821
MARCIELE TALAVITZ,ESC. MUN. COM. PARQUE FRAGATA,Vereador,PT,13123,1,-31.75788,-52.46384
MARCIELE TALAVITZ,ESC. MUN. PREF. ELBERTO MADRUGA,Vereador,PT,13123,52,-31.76583,-52.43325
MARCIELE TALAVITZ,ESC. MUN. PROF. ELMAR DA SILVA COSTA,Vereador,PT,13123,5,-31.76353,-52.42367
MARCIELE TALAVITZ,ESC. MUN. PROF. MARGARIDA GASTAL,Vereador,PT,13123,4,-31.80141,-52.40815
MARCINHA SAMPAIO,ESC. EST. DR. DARIO DA SILVA TAVARES,Vereador,PSD,55033,4,-31.76636,-52.50173
MARCINHA SAMPAIO,ESC. EST. PRES. CASTELO BRANCO,Vereador,PSD,55033,3,-31.76505,-52.49741
MARCINHA SAMPAIO,ESC. MUN. BARAO DE STO. ANGELO,Vereador,PSD,55033,10,-31.75953,-52.43821
MARCINHA SAMPAIO,ESC. MUN. COM. PARQUE FRAGATA,Vereador,PSD,55033,3,-31.75788,-52.46384
MARCINHA SAMPAIO,ESC. MUN. PREF. ELBERTO MADRUGA,Vereador,PSD,55033,19,-31.76583,-52.43325
MARCINHA SAMPAIO,ESC. MUN. PROF. ELMAR DA SILVA COSTA,Vereador,PSD,55033,2,-31.76353,-52.42367
MARQUINHOS,ESC. EST. PRES. CASTELO BRANCO,Vereador,UNIÃO,44144,6,-31.76505,-52.49741
MARQUINHOS,ESC. MUN. BARAO DE STO. ANGELO,Vereador,UNIÃO,44144,23,-31.75953,-52.43821
MARQUINHOS,ESC. MUN. COM. PARQUE FRAGATA,Vereador,UNIÃO,44144,12,-31.75788,-52.46384
MARQUINHOS,ESC. MUN. PREF. ELBERTO MADRUGA,Vereador,UNIÃO,44144,100,-31.76583,-52.43325
MARQUINHOS,ESC. MUN. PROF. ELMAR DA SILVA COSTA,Vereador,UNIÃO,44144,20,-31.76353,-52.42367
MARQUINHOS,ESC. MUN. PROF. MARGARIDA GASTAL,Vereador,UNIÃO,44144,4,-31.80141,-52.40815
MARQUINHOS DA GRAMA,ESC. EST. DR. DARIO DA SILVA TAVARES,Vereador,PDT,12777,2,-31.76636,-52.50173
MARQUINHOS DA GRAMA,ESC. EST. PRES. CASTELO BRANCO,Vereador,PDT,12777,27,-31.76505,-52.49741
MARQUINHOS DA GRAMA,ESC. MUN. BARAO DE STO. ANGELO,Vereador,PDT,12777,1,-31.75953,-52.43821
MARQUINHOS DA GRAMA,ESC. MUN. COM. PARQUE FRAGATA,Vereador,PDT,12777,1,-31.75788,-52.46384
MARQUINHOS DA GRAMA,ESC. MUN. PREF. ELBERTO MADRUGA,Vereador,PDT,12777,5,-31.76583,-52.43325
MARZINHO FERREIRO,E.M.E.F. PROFESSORA DELFINA BORDALO DE PINHO,Vereador,PP,11679,3,-31.72917,-52.58763
MARZINHO FERREIRO,ESC. EST. DR. DARIO DA SILVA TAVARES,Vereador,PP,11679,23,-31.76636,-52.50173
MARZINHO FERREIRO,ESC. EST. PRES. CASTELO BRANCO,Vereador,PP,11679,93,-31.76505,-52.49741
MARZINHO FERREIRO,ESC. MUN. ALVARO BERCHON,Vereador,PP,11679,6,-31.84948,-52.67278
MARZINHO FERREIRO,ESC. MUN. BARAO DE STO. ANGELO,Vereador,PP,11679,25,-31.75953,-52.43821
MARZINHO FERREIRO,ESC. MUN. COM. PARQUE FRAGATA,Vereador,PP,11679,20,-31.75788,-52.46384
MARZINHO FERREIRO,ESC. MUN. PREF. ELBERTO MADRUGA,Vereador,PP,11679,20,-31.76583,-52.43325
MARZINHO FERREIRO,ESC. MUN. PROF. ELMAR DA SILVA COSTA,Vereador,PP,11679,6,-31.76353,-52.42367
MARZINHO FERREIRO,ESC. MUN. PROF. MARGARIDA GASTAL,Vereador,PP,11679,2,-31.80141,-52.40815
MDB,ESC. EST. DR. DARIO DA SILVA TAVARES,Vereador,MDB,15,6,-31.76636,-52.50173
MDB,ESC. EST. PRES. CASTELO BRANCO,Vereador,MDB,15,12,-31.76505,-52.49741
MDB,ESC. MUN. BARAO DE STO. ANGELO,Vereador,MDB,15,4,-31.75953,-52.43821
MDB,ESC. MUN. COM. PARQUE FRAGATA,Vereador,MDB,15,2,-31.75788,-52.46384
MDB,ESC. MUN. PREF. ELBERTO MADRUGA,Vereador,MDB,15,4,-31.76583,-52.43325
MIMICO,ARMAZEM TIO JULIO,Vereador,PSB,40345,1,-31.70205,-52.58161
MIMICO,ESC. EST. DR. DARIO DA SILVA TAVARES,Vereador,PSB,40345,17,-31.76636,-52.50173
MIMICO,ESC. EST. PRES. CASTELO BRANCO,Vereador,PSB,40345,53,-31.76505,-52.49741
MIMICO,ESC. MUN. ALVARO BERCHON,Vereador,PSB,40345,1,-31.84948,-52.67278
MIMICO,ESC. MUN. BARAO DE STO. ANGELO,Vereador,PSB,40345,4,-31.75953,-52.43821
MIMICO,ESC. MUN. COM. PARQUE FRAGATA,Vereador,PSB,40345,8,-31.75788,-52.46384
MIMICO,ESC. MUN. PREF. ELBERTO MADRUGA,Vereador,PSB,40345,9,-31.76583,-52.43325
MIMICO,ESC. MUN. PROF. ELMAR DA SILVA COSTA,Vereador,PSB,40345,2,-31.76353,-52.42367
MIRIAM CORREA,ESC. EST. PRES. CASTELO BRANCO,Vereador,PSB,40966,1,-31.76505,-52.49741
MIRIAM CORREA,ESC. MUN. BARAO DE STO. ANGELO,Vereador,PSB,40966,4,-31.75953,-52.43821
MIRIAM CORREA,ESC. MUN. COM. PARQUE FRAGATA,Vereador,PSB,40966,1,-31.75788,-52.46384
MIRIAM CORREA,ESC. MUN. PREF. ELBERTO MADRUGA,Vereador,PSB,40966,7,-31.76583,-52.43325
MIRIAM CORREA,ESC. MUN. PROF. ELMAR DA SILVA COSTA,Vereador,PSB,40966,3,-31.76353,-52.42367
MÔNICA AVENCURT,ESC. EST. DR. DARIO DA SILVA TAVARES,Vereador,PSD,55777,1,-31.76636,-52.50173
MÔNICA AVENCURT,ESC. EST. PRES. CASTELO BRANCO,Vereador,PSD,55777,14,-31.76505,-52.49741
MÔNICA AVENCURT,ESC. MUN. BARAO DE STO. ANGELO,Vereador,PSD,55777,1,-31.75953,-52.43821
MÔNICA AVENCURT,ESC. MUN. PROF. ELMAR DA SILVA COSTA,Vereador,PSD,55777,1,-31.76353,-52.42367
NAZI MEDEIROS,E.M.E.F. PROFESSORA DELFINA BORDALO DE PINHO,Vereador,PSDB,45000,1,-31.72917,-52.58763
NAZI MEDEIROS,ESC. EST. DR. DARIO DA SILVA TAVARES,Vereador,PSDB,45000,12,-31.76636,-52.50173
NAZI MEDEIROS,ESC. EST. PRES. CASTELO BRANCO,Vereador,PSDB,45000,13,-31.76505,-52.49741
NAZI MEDEIROS,ESC. MUN. BARAO DE STO. ANGELO,Vereador,PSDB,45000,105,-31.75953,-52.43821
NAZI MEDEIROS,ESC. MUN. COM. PARQUE FRAGATA,Vereador,PSDB,45000,20,-31.75788,-52.46384
NAZI MEDEIROS,ESC. MUN. PREF. ELBERTO MADRUGA,Vereador,PSDB,45000,157,-31.76583,-52.43325
NAZI MEDEIROS,ESC. MUN. PROF. ELMAR DA SILVA COSTA,Vereador,PSDB,45000,31,-31.76353,-52.42367
NAZI MEDEIROS,ESC. MUN. PROF. MARGARIDA GASTAL,Vereador,PSDB,45000,4,-31.80141,-52.40815
NEGO BICCA,ESC. EST. DR. DARIO DA SILVA TAVARES,Vereador,PT,13013,7,-31.76636,-52.50173
NEGO BICCA,ESC. EST. PRES. CASTELO BRANCO,Vereador,PT,13013,29,-31.76505,-52.49741
NEGO BICCA,ESC. MUN. ALVARO BERCHON,Vereador,PT,13013,1,-31.84948,-52.67278
NEGO BICCA,ESC. MUN. BARAO DE STO. ANGELO,Vereador,PT,13013,13,-31.75953,-52.43821
NEGO BICCA,ESC. MUN. COM. PARQUE FRAGATA,Vereador,PT,13013,3,-31.75788,-52.46384
NEGO BICCA,ESC. MUN. PREF. ELBERTO MADRUGA,Vereador,PT,13013,18,-31.76583,-52.43325
NEGO BICCA,ESC. MUN. PROF. ELMAR DA SILVA COSTA,Vereador,PT,13013,8,-31.76353,-52.42367
NEGO BICCA,ESC. MUN. PROF. MARGARIDA GASTAL,Vereador,PT,13013,21,-31.80141,-52.40815
Nulo,ARMAZEM TIO JULIO,Prefeito,#NULO#,96,6,-31.70205,-52.58161
Nulo,E.M.E.F. PROFESSORA DELFINA BORDALO DE PINHO,Vereador,#NULO#,96,5,-31.72917,-52.58763
Nulo,ESC. EST. DR. DARIO DA SILVA TAVARES,Vereador,#NULO#,96,29,-31.76636,-52.50173
Nulo,ESC. EST. PRES. CASTELO BRANCO,Vereador,#NULO#,96,157,-31.76505,-52.49741
Nulo,ESC. MUN. ALVARO BERCHON,Prefeito,#NULO#,96,2,-31.84948,-52.67278
Nulo,ESC. MUN. BARAO DE STO. ANGELO,Vereador,#NULO#,96,117,-31.75953,-52.43821
Nulo,ESC. MUN. COM. PARQUE FRAGATA,Vereador,#NULO#,96,62,-31.75788,-52.46384
Nulo,ESC. MUN. PREF. ELBERTO MADRUGA,Vereador,#NULO#,96,181,-31.76583,-52.43325
Nulo,ESC. MUN. PROF. ELMAR DA SILVA COSTA,Vereador,#NULO#,96,70,-31.76353,-52.42367
Nulo,ESC. MUN. PROF. MARGARIDA GASTAL,Prefeito,#NULO#,96,24,-31.80141,-52.40815
OSMAR ROSA,ESC. EST. DR. DARIO DA SILVA TAVARES,Vereador,PSB,40111,3,-31.76636,-52.50173
OSMAR ROSA,ESC. EST. PRES. CASTELO BRANCO,Vereador,PSB,40111,47,-31.76505,-52.49741
OSMAR ROSA,ESC. MUN. BARAO DE STO. ANGELO,Vereador,PSB,40111,2,-31.75953,-52.43821
OSMAR ROSA,ESC. MUN. COM. PARQUE FRAGATA,Vereador,PSB,40111,2,-31.75788,-52.46384
OSMAR ROSA,ESC. MUN. PREF. ELBERTO MADRUGA,Vereador,PSB,40111,4,-31.76583,-52.43325
OSMAR ROSA,ESC. MUN. PROF. MARGARIDA GASTAL,Vereador,PSB,40111,1,-31.80141,-52.40815
PASTORA EUNICE,ESC. EST. DR. DARIO DA SILVA TAVARES,Vereador,PL,22500,10,-31.76636,-52.50173
PASTORA EUNICE,ESC. EST. PRES. CASTELO BRANCO,Vereador,PL,22500,11,-31.76505,-52.49741
PASTORA EUNICE,ESC. MUN. BARAO DE STO. ANGELO,Vereador,PL,22500,4,-31.75953,-52.43821
PASTORA EUNICE,ESC. MUN. COM. PARQUE FRAGATA,Vereador,PL,22500,4,-31.75788,-52.46384
PASTORA EUNICE,ESC. MUN. PREF. ELBERTO MADRUGA,Vereador,PL,22500,2,-31.76583,-52.43325
PASTORA EUNICE,ESC. MUN. PROF. ELMAR DA SILVA COSTA,Vereador,PL,22500,2,-31.76353,-52.42367
PASTORA SCHERLEN,E.M.E.F. PROFESSORA DELFINA BORDALO DE PINHO,Vereador,PDT,12441,1,-31.72917,-52.58763
PASTORA SCHERLEN,ESC. EST. DR. DARIO DA SILVA TAVARES,Vereador,PDT,12441,3,-31.76636,-52.50173
PASTORA SCHERLEN,ESC. EST. PRES. CASTELO BRANCO,Vereador,PDT,12441,9,-31.76505,-52.49741
PASTORA SCHERLEN,ESC. MUN. BARAO DE STO. ANGELO,Vereador,PDT,12441,86,-31.75953,-52.43821
PASTORA SCHERLEN,ESC. MUN. COM. PARQUE FRAGATA,Vereador,PDT,12441,3,-31.75788,-52.46384
PASTORA SCHERLEN,ESC. MUN. PREF. ELBERTO MADRUGA,Vereador,PDT,12441,28,-31.76583,-52.43325
PASTORA SCHERLEN,ESC. MUN. PROF. ELMAR DA SILVA COSTA,Vereador,PDT,12441,7,-31.76353,-52.42367
PASTORA SCHERLEN,ESC. MUN. PROF. MARGARIDA GASTAL,Vereador,PDT,12441,1,-31.80141,-52.40815
PAULO DIAS,ARMAZEM TIO JULIO,Vereador,PSDB,45123,1,-31.70205,-52.58161
PAULO DIAS,ESC. EST. DR. DARIO DA SILVA TAVARES,Vereador,PSDB,45123,4,-31.76636,-52.50173
PAULO DIAS,ESC. EST. PRES. CASTELO BRANCO,Vereador,PSDB,45123,14,-31.76505,-52.49741
PAULO DIAS,ESC. MUN. BARAO DE STO. ANGELO,Vereador,PSDB,45123,17,-31.75953,-52.43821
PAULO DIAS,ESC. MUN. COM. PARQUE FRAGATA,Vereador,PSDB,45123,6,-31.75788,-52.46384
PAULO DIAS,ESC. MUN. PREF. ELBERTO MADRUGA,Vereador,PSDB,45123,29,-31.76583,-52.43325
PAULO DIAS,ESC. MUN. PROF. ELMAR DA SILVA COSTA,Vereador,PSDB,45123,3,-31.76353,-52.42367
PAULO ROSA,ESC. EST. PRES. CASTELO BRANCO,Vereador,PT,13051,1,-31.76505,-52.49741
PAULO ROSA,ESC. MUN. BARAO DE STO. ANGELO,Vereador,PT,13051,3,-31.75953,-52.43821
PAULO ROSA,ESC. MUN. COM. PARQUE FRAGATA,Vereador,PT,13051,1,-31.75788,-52.46384
PAULO ROSA,ESC. MUN. PREF. ELBERTO MADRUGA,Vereador,PT,13051,30,-31.76583,-52.43325
PAULO ROSA,ESC. MUN. PROF. ELMAR DA SILVA COSTA,Vereador,PT,13051,6,-31.76353,-52.42367
PAULO ÁVILA,ARMAZEM TIO JULIO,Vereador,MDB,15615,1,-31.70205,-52.58161
PAULO ÁVILA,E.M.E.F. PROFESSORA DELFINA BORDALO DE PINHO,Vereador,MDB,15615,1,-31.72917,-52.58763
PAULO ÁVILA,ESC. EST. DR. DARIO DA SILVA TAVARES,Vereador,MDB,15615,81,-31.76636,-52.50173
PAULO ÁVILA,ESC. EST. PRES. CASTELO BRANCO,Vereador,MDB,15615,181,-31.76505,-52.49741
PAULO ÁVILA,ESC. MUN. ALVARO BERCHON,Vereador,MDB,15615,20,-31.84948,-52.67278
PAULO ÁVILA,ESC. MUN. BARAO DE STO. ANGELO,Vereador,MDB,15615,15,-31.75953,-52.43821
PAULO ÁVILA,ESC. MUN. COM. PARQUE FRAGATA,Vereador,MDB,15615,25,-31.75788,-52.46384
PAULO ÁVILA,ESC. MUN. PREF. ELBERTO MADRUGA,Vereador,MDB,15615,20,-31.76583,-52.43325
PAULO ÁVILA,ESC. MUN. PROF. ELMAR DA SILVA COSTA,Vereador,MDB,15615,5,-31.76353,-52.42367
PAULO ÁVILA,ESC. MUN. PROF. MARGARIDA GASTAL,Vereador,MDB,15615,4,-31.80141,-52.40815
PC do B,ESC. EST. PRES. CASTELO BRANCO,Vereador,PC do B,65,1,-31.76505,-52.49741
PDT,ESC. EST. DR. DARIO DA SILVA TAVARES,Vereador,PDT,12,1,-31.76636,-52.50173
PDT,ESC. EST. PRES. CASTELO BRANCO,Vereador,PDT,12,4,-31.76505,-52.49741
PDT,ESC. MUN. BARAO DE STO. ANGELO,Vereador,PDT,12,16,-31.75953,-52.43821
PDT,ESC. MUN. COM. PARQUE FRAGATA,Vereador,PDT,12,3,-31.75788,-52.46384
PDT,ESC. MUN. PREF. ELBERTO MADRUGA,Vereador,PDT,12,11,-31.76583,-52.43325
PDT,ESC. MUN. PROF. ELMAR DA SILVA COSTA,Vereador,PDT,12,2,-31.76353,-52.42367
PDT,ESC. MUN. PROF. MARGARIDA GASTAL,Vereador,PDT,12,2,-31.80141,-52.40815
PITI PIMENTA,ARMAZEM TIO JULIO,Vereador,PSB,40100,2,-31.70205,-52.58161
PITI PIMENTA,ESC. EST. DR. DARIO DA SILVA TAVARES,Vereador,PSB,40100,79,-31.76636,-52.50173
PITI PIMENTA,ESC. EST. PRES. CASTELO BRANCO,Vereador,PSB,40100,72,-31.76505,-52.49741
PITI PIMENTA,ESC. MUN. ALVARO BERCHON,Vereador,PSB,40100,2,-31.84948,-52.67278
PITI PIMENTA,ESC. MUN. BARAO DE STO. ANGELO,Vereador,PSB,40100,17,-31.75953,-52.43821
PITI PIMENTA,ESC. MUN. COM. PARQUE FRAGATA,Vereador,PSB,40100,2,-31.75788,-52.46384
PITI PIMENTA,ESC. MUN. PREF. ELBERTO MADRUGA,Vereador,PSB,40100,6,-31.76583,-52.43325
PITI PIMENTA,ESC. MUN. PROF. ELMAR DA SILVA COSTA,Vereador,PSB,40100,2,-31.76353,-52.42367
PITI PIMENTA,ESC. MUN. PROF. MARGARIDA GASTAL,Vereador,PSB,40100,1,-31.80141,-52.40815
PL,ARMAZEM TIO JULIO,Vereador,PL,22,1,-31.70205,-52.58161
PL,ESC. EST. DR. DARIO DA SILVA TAVARES,Vereador,PL,22,1,-31.76636,-52.50173
PL,ESC. EST. PRES. CASTELO BRANCO,Vereador,PL,22,5,-31.76505,-52.49741
PL,ESC. MUN. BARAO DE STO. ANGELO,Vereador,PL,22,5,-31.75953,-52.43821
PL,ESC. MUN. COM. PARQUE FRAGATA,Vereador,PL,22,1,-31.75788,-52.46384
PL,ESC. MUN. PREF. ELBERTO MADRUGA,Vereador,PL,22,6,-31.76583,-52.43325
PP,E.M.E.F. PROFESSORA DELFINA BORDALO DE PINHO,Vereador,PP,11,1,-31.72917,-52.58763
PP,ESC. EST. DR. DARIO DA SILVA TAVARES,Vereador,PP,11,10,-31.76636,-52.50173
PP,ESC. EST. PRES. CASTELO BRANCO,Vereador,PP,11,59,-31.76505,-52.49741
PP,ESC. MUN. ALVARO BERCHON,Vereador,PP,11,1,-31.84948,-52.67278
PP,ESC. MUN. BARAO DE STO. ANGELO,Vereador,PP,11,49,-31.75953,-52.43821
PP,ESC. MUN. COM. PARQUE FRAGATA,Vereador,PP,11,21,-31.75788,-52.46384
PP,ESC. MUN. PREF. ELBERTO MADRUGA,Vereador,PP,11,55,-31.76583,-52.43325
PP,ESC. MUN. PROF. ELMAR DA SILVA COSTA,Vereador,PP,11,14,-31.76353,-52.42367
PP,ESC. MUN. PROF. MARGARIDA GASTAL,Vereador,PP,11,2,-31.80141,-52.40815
PROF FABIANE SANTOS,ESC. EST. DR. DARIO DA SILVA TAVARES,Vereador,PSB,40040,1,-31.76636,-52.50173
PROF FABIANE SANTOS,ESC. EST. PRES. CASTELO BRANCO,Vereador,PSB,40040,1,-31.76505,-52.49741
PROF FABIANE SANTOS,ESC. MUN. BARAO DE STO. ANGELO,Vereador,PSB,40040,15,-31.75953,-52.43821
PROF FABIANE SANTOS,ESC. MUN. PREF. ELBERTO MADRUGA,Vereador,PSB,40040,19,-31.76583,-52.43325
PROF FABIANE SANTOS,ESC. MUN. PROF. ELMAR DA SILVA COSTA,Vereador,PSB,40040,3,-31.76353,-52.42367
PROF FABIANE SANTOS,ESC. MUN. PROF. MARGARIDA GASTAL,Vereador,PSB,40040,2,-31.80141,-52.40815
PROF GIL,ARMAZEM TIO JULIO,Vereador,PT,13613,4,-31.70205,-52.58161
PROF GIL,E.M.E.F. PROFESSORA DELFINA BORDALO DE PINHO,Vereador,PT,13613,2,-31.72917,-52.58763
PROF GIL,ESC. EST. DR. DARIO DA SILVA TAVARES,Vereador,PT,13613,122,-31.76636,-52.50173
PROF GIL,ESC. EST. PRES. CASTELO BRANCO,Vereador,PT,13613,290,-31.76505,-52.49741
PROF GIL,ESC. MUN. ALVARO BERCHON,Vereador,PT,13613,11,-31.84948,-52.67278
PROF GIL,ESC. MUN. BARAO DE STO. ANGELO,Vereador,PT,13613,49,-31.75953,-52.43821
PROF GIL,ESC. MUN. COM. PARQUE FRAGATA,Vereador,PT,13613,51,-31.75788,-52.46384
PROF GIL,ESC. MUN. PREF. ELBERTO MADRUGA,Vereador,PT,13613,33,-31.76583,-52.43325
PROF GIL,ESC. MUN. PROF. ELMAR DA SILVA COSTA,Vereador,PT,13613,19,-31.76353,-52.42367
PROF GIL,ESC. MUN. PROF. MARGARIDA GASTAL,Vereador,PT,13613,17,-31.80141,-52.40815
PROFESSOR MARCO AURELIO,E.M.E.F. PROFESSORA DELFINA BORDALO DE PINHO,Vereador,PSDB,45500,1,-31.72917,-52.58763
PROFESSOR MARCO AURELIO,ESC. EST. DR. DARIO DA SILVA TAVARES,Vereador,PSDB,45500,1,-31.76636,-52.50173
PROFESSOR MARCO AURELIO,ESC. EST. PRES. CASTELO BRANCO,Vereador,PSDB,45500,9,-31.76505,-52.49741
PROFESSOR MARCO AURELIO,ESC. MUN. ALVARO BERCHON,Vereador,PSDB,45500,2,-31.84948,-52.67278
PROFESSOR MARCO AURELIO,ESC. MUN. BARAO DE STO. ANGELO,Vereador,PSDB,45500,62,-31.75953,-52.43821
PROFESSOR MARCO AURELIO,ESC. MUN. COM. PARQUE FRAGATA,Vereador,PSDB,45500,7,-31.75788,-52.46384
PROFESSOR MARCO AURELIO,ESC. MUN. PREF. ELBERTO MADRUGA,Vereador,PSDB,45500,101,-31.76583,-52.43325
PROFESSOR MARCO AURELIO,ESC. MUN. PROF. ELMAR DA SILVA COSTA,Vereador,PSDB,45500,15,-31.76353,-52.42367
PROFESSOR MARCO AURELIO,ESC. MUN. PROF. MARGARIDA GASTAL,Vereador,PSDB,45500,3,-31.80141,-52.40815
PSB,ESC. EST. DR. DARIO DA SILVA TAVARES,Vereador,PSB,40,3,-31.76636,-52.50173
PSB,ESC. MUN. BARAO DE STO. ANGELO,Vereador,PSB,40,2,-31.75953,-52.43821
PSB,ESC. MUN. PREF. ELBERTO MADRUGA,Vereador,PSB,40,3,-31.76583,-52.43325
PSB,ESC. MUN. PROF. MARGARIDA GASTAL,Vereador,PSB,40,1,-31.80141,-52.40815
PSD,ESC. EST. PRES. CASTELO BRANCO,Vereador,PSD,55,1,-31.76505,-52.49741
PSD,ESC. MUN. BARAO DE STO. ANGELO,Vereador,PSD,55,8,-31.75953,-52.43821
PSD,ESC. MUN. PREF. ELBERTO MADRUGA,Vereador,PSD,55,5,-31.76583,-52.43325
PSD,ESC. MUN. PROF. ELMAR DA SILVA COSTA,Vereador,PSD,55,2,-31.76353,-52.42367
PSDB,ARMAZEM TIO JULIO,Vereador,PSDB,45,1,-31.70205,-52.58161
PSDB,E.M.E.F. PROFESSORA DELFINA BORDALO DE PINHO,Vereador,PSDB,45,2,-31.72917,-52.58763
PSDB,ESC. EST. DR. DARIO DA SILVA TAVARES,Vereador,PSDB,45,11,-31.76636,-52.50173
PSDB,ESC. EST. PRES. CASTELO BRANCO,Vereador,PSDB,45,31,-31.76505,-52.49741
PSDB,ESC. MUN. BARAO DE STO. ANGELO,Vereador,PSDB,45,40,-31.75953,-52.43821
PSDB,ESC. MUN. COM. PARQUE FRAGATA,Vereador,PSDB,45,7,-31.75788,-52.46384
PSDB,ESC. MUN. PREF. ELBERTO MADRUGA,Vereador,PSDB,45,37,-31.76583,-52.43325
PSDB,ESC. MUN. PROF. ELMAR DA SILVA COSTA,Vereador,PSDB,45,15,-31.76353,-52.42367
PSDB,ESC. MUN. PROF. MARGARIDA GASTAL,Vereador,PSDB,45,5,-31.80141,-52.40815
PT,ESC. EST. DR. DARIO DA SILVA TAVARES,Vereador,PT,13,1,-31.76636,-52.50173
PT,ESC. EST. PRES. CASTELO BRANCO,Vereador,PT,13,21,-31.76505,-52.49741
PT,ESC. MUN. BARAO DE STO. ANGELO,Vereador,PT,13,8,-31.75953,-52.43821
PT,ESC. MUN. COM. PARQUE FRAGATA,Vereador,PT,13,8,-31.75788,-52.46384
PT,ESC. MUN. PREF. ELBERTO MADRUGA,Vereador,PT,13,29,-31.76583,-52.43325
PT,ESC. MUN. PROF. ELMAR DA SILVA COSTA,Vereador,PT,13,4,-31.76353,-52.42367
PT,ESC. MUN. PROF. MARGARIDA GASTAL,Vereador,PT,13,11,-31.80141,-52.40815
RAFAEL GONÇALVES,ESC. EST. DR. DARIO DA SILVA TAVARES,Vereador,PSDB,45555,1,-31.76636,-52.50173
RAFAEL GONÇALVES,ESC. EST. PRES. CASTELO BRANCO,Vereador,PSDB,45555,8,-31.76505,-52.49741
RAFAEL GONÇALVES,ESC. MUN. BARAO DE STO. ANGELO,Vereador,PSDB,45555,9,-31.75953,-52.43821
RAFAEL GONÇALVES,ESC. MUN. COM. PARQUE FRAGATA,Vereador,PSDB,45555,2,-31.75788,-52.46384
RAFAEL GONÇALVES,ESC. MUN. PREF. ELBERTO MADRUGA,Vereador,PSDB,45555,33,-31.76583,-52.43325
RAFAEL GONÇALVES,ESC. MUN. PROF. ELMAR DA SILVA COSTA,Vereador,PSDB,45555,11,-31.76353,-52.42367
RAFAEL GONÇALVES,ESC. MUN. PROF. MARGARIDA GASTAL,Vereador,PSDB,45555,2,-31.80141,-52.40815
RAFAEL PERES,ARMAZEM TIO JULIO,Vereador,PSD,55500,3,-31.70205,-52.58161
RAFAEL PERES,E.M.E.F. PROFESSORA DELFINA BORDALO DE PINHO,Vereador,PSD,55500,1,-31.72917,-52.58763
RAFAEL PERES,ESC. EST. DR. DARIO DA SILVA TAVARES,Vereador,PSD,55500,11,-31.76636,-52.50173
RAFAEL PERES,ESC. EST. PRES. CASTELO BRANCO,Vereador,PSD,55500,18,-31.76505,-52.49741
RAFAEL PERES,ESC. MUN. BARAO DE STO. ANGELO,Vereador,PSD,55500,52,-31.75953,-52.43821
RAFAEL PERES,ESC. MUN. COM. PARQUE FRAGATA,Vereador,PSD,55500,13,-31.75788,-52.46384
RAFAEL PERES,ESC. MUN. PREF. ELBERTO MADRUGA,Vereador,PSD,55500,249,-31.76583,-52.43325
RAFAEL PERES,ESC. MUN. PROF. ELMAR DA SILVA COSTA,Vereador,PSD,55500,112,-31.76353,-52.42367
RAFAEL PERES,ESC. MUN. PROF. MARGARIDA GASTAL,Vereador,PSD,55500,12,-31.80141,-52.40815
RENAN PINHEIRO,ESC. EST. PRES. CASTELO BRANCO,Vereador,PP,11023,5,-31.76505,-52.49741
RENAN PINHEIRO,ESC. MUN. BARAO DE STO. ANGELO,Vereador,PP,11023,13,-31.75953,-52.43821
RENAN PINHEIRO,ESC. MUN. COM. PARQUE FRAGATA,Vereador,PP,11023,7,-31.75788,-52.46384
RENAN PINHEIRO,ESC. MUN. PREF. ELBERTO MADRUGA,Vereador,PP,11023,19,-31.76583,-52.43325
RENATA,ESC. EST. DR. DARIO DA SILVA TAVARES,Vereador,PSB,40050,1,-31.76636,-52.50173
RENATA,ESC. EST. PRES. CASTELO BRANCO,Vereador,PSB,40050,1,-31.76505,-52.49741
RENATA,ESC. MUN. ALVARO BERCHON,Vereador,PSB,40050,1,-31.84948,-52.67278
RENATA,ESC. MUN. BARAO DE STO. ANGELO,Vereador,PSB,40050,4,-31.75953,-52.43821
RENATA,ESC. MUN. PREF. ELBERTO MADRUGA,Vereador,PSB,40050,13,-31.76583,-52.43325
RENATA,ESC. MUN. PROF. ELMAR DA SILVA COSTA,Vereador,PSB,40050,1,-31.76353,-52.42367
RENATO MIRANDA,ESC. EST. DR. DARIO DA SILVA TAVARES,Vereador,MDB,15500,29,-31.76636,-52.50173
RENATO MIRANDA,ESC. EST. PRES. CASTELO BRANCO,Vereador,MDB,15500,150,-31.76505,-52.49741
RENATO MIRANDA,ESC. MUN. ALVARO BERCHON,Vereador,MDB,15500,1,-31.84948,-52.67278
RENATO MIRANDA,ESC. MUN. BARAO DE STO. ANGELO,Vereador,MDB,15500,14,-31.75953,-52.43821
RENATO MIRANDA,ESC. MUN. COM. PARQUE FRAGATA,Vereador,MDB,15500,15,-31.75788,-52.46384
RENATO MIRANDA,ESC. MUN. PREF. ELBERTO MADRUGA,Vereador,MDB,15500,14,-31.76583,-52.43325
RENATO MIRANDA,ESC. MUN. PROF. ELMAR DA SILVA COSTA,Vereador,MDB,15500,4,-31.76353,-52.42367
RENATO MIRANDA,ESC. MUN. PROF. MARGARIDA GASTAL,Vereador,MDB,15500,7,-31.80141,-52.40815
RENATO PÓVOA,ARMAZEM TIO JULIO,Vereador,PT,13333,2,-31.70205,-52.58161
RENATO PÓVOA,E.M.E.F. PROFESSORA DELFINA BORDALO DE PINHO,Vereador,PT,13333,2,-31.72917,-52.58763
RENATO PÓVOA,ESC. EST. DR. DARIO DA SILVA TAVARES,Vereador,PT,13333,28,-31.76636,-52.50173
RENATO PÓVOA,ESC. EST. PRES. CASTELO BRANCO,Vereador,PT,13333,60,-31.76505,-52.49741
RENATO PÓVOA,ESC. MUN. BARAO DE STO. ANGELO,Vereador,PT,13333,90,-31.75953,-52.43821
RENATO PÓVOA,ESC. MUN. COM. PARQUE FRAGATA,Vereador,PT,13333,21,-31.75788,-52.46384
RENATO PÓVOA,ESC. MUN. PREF. ELBERTO MADRUGA,Vereador,PT,13333,197,-31.76583,-52.43325
RENATO PÓVOA,ESC. MUN. PROF. ELMAR DA SILVA COSTA,Vereador,PT,13333,29,-31.76353,-52.42367
RENATO PÓVOA,ESC. MUN. PROF. MARGARIDA GASTAL,Vereador,PT,13333,72,-31.80141,-52.40815
SANDRA SOARES,ESC. EST. PRES. CASTELO BRANCO,Vereador,PT,13631,7,-31.76505,-52.49741
SANDRA SOARES,ESC. MUN. PREF. ELBERTO MADRUGA,Vereador,PT,13631,1,-31.76583,-52.43325
SANDRA SOARES,ESC. MUN. PROF. MARGARIDA GASTAL,Vereador,PT,13631,1,-31.80141,-52.40815
SCHMITT,ARMAZEM TIO JULIO,Prefeito,PP,11,46,-31.70205,-52.58161
SCHMITT,E.M.E.F. PROFESSORA DELFINA BORDALO DE PINHO,Prefeito,PP,11,55,-31.72917,-52.58763
SCHMITT,ESC. EST. DR. DARIO DA SILVA TAVARES,Prefeito,PP,11,618,-31.76636,-52.50173
SCHMITT,ESC. EST. PRES. CASTELO BRANCO,Prefeito,PP,11,1936,-31.76505,-52.49741
SCHMITT,ESC. MUN. ALVARO BERCHON,Prefeito,PP,11,52,-31.84948,-52.67278
SCHMITT,ESC. MUN. BARAO DE STO. ANGELO,Prefeito,PP,11,1075,-31.75953,-52.43821
SCHMITT,ESC. MUN. COM. PARQUE FRAGATA,Prefeito,PP,11,566,-31.75788,-52.46384
SCHMITT,ESC. MUN. PREF. ELBERTO MADRUGA,Prefeito,PP,11,1706,-31.76583,-52.43325
SCHMITT,ESC. MUN. PROF. ELMAR DA SILVA COSTA,Prefeito,PP,11,451,-31.76353,-52.42367
SCHMITT,ESC. MUN. PROF. MARGARIDA GASTAL,Prefeito,PP,11,236,-31.80141,-52.40815
SIMONE GOULART,ESC. MUN. PREF. ELBERTO MADRUGA,Vereador,UNIÃO,44222,2,-31.76583,-52.43325
SIMONE GOULART,ESC. MUN. PROF. ELMAR DA SILVA COSTA,Vereador,UNIÃO,44222,3,-31.76353,-52.42367
SIMONE GOULART,ESC. MUN. PROF. MARGARIDA GASTAL,Vereador,UNIÃO,44222,1,-31.80141,-52.40815
SUYANE BARBOSA,ESC. EST. DR. DARIO DA SILVA TAVARES,Vereador,PP,11123,6,-31.76636,-52.50173
SUYANE BARBOSA,ESC. EST. PRES. CASTELO BRANCO,Vereador,PP,11123,16,-31.76505,-52.49741
SUYANE BARBOSA,ESC. MUN. ALVARO BERCHON,Vereador,PP,11123,1,-31.84948,-52.67278
SUYANE BARBOSA,ESC. MUN. BARAO DE STO. ANGELO,Vereador,PP,11123,62,-31.75953,-52.43821
SUYANE BARBOSA,ESC. MUN. COM. PARQUE FRAGATA,Vereador,PP,11123,6,-31.75788,-52.46384
SUYANE BARBOSA,ESC. MUN. PREF. ELBERTO MADRUGA,Vereador,PP,11123,106,-31.76583,-52.43325
SUYANE BARBOSA,ESC. MUN. PROF. ELMAR DA SILVA COSTA,Vereador,PP,11123,18,-31.76353,-52.42367
SUYANE BARBOSA,ESC. MUN. PROF. MARGARIDA GASTAL,Vereador,PP,11123,6,-31.80141,-52.40815
SUZAN,ESC. EST. DR. DARIO DA SILVA TAVARES,Vereador,PDT,12422,3,-31.76636,-52.50173
SUZAN,ESC. EST. PRES. CASTELO BRANCO,Vereador,PDT,12422,13,-31.76505,-52.49741
SUZAN,ESC. MUN. COM. PARQUE FRAGATA,Vereador,PDT,12422,4,-31.75788,-52.46384
SUZAN,ESC. MUN. PREF. ELBERTO MADRUGA,Vereador,PDT,12422,2,-31.76583,-52.43325
SUZAN,ESC. MUN. PROF. ELMAR DA SILVA COSTA,Vereador,PDT,12422,1,-31.76353,-52.42367
SUZAN,ESC. MUN. PROF. MARGARIDA GASTAL,Vereador,PDT,12422,3,-31.80141,-52.40815
TARRÃ,ESC. MUN. BARAO DE STO. ANGELO,Vereador,PT,13500,7,-31.75953,-52.43821
TARRÃ,ESC. MUN. PREF. ELBERTO MADRUGA,Vereador,PT,13500,6,-31.76583,-52.43325
TARRÃ,ESC. MUN. PROF. ELMAR DA SILVA COSTA,Vereador,PT,13500,4,-31.76353,-52.42367
THYZYU,ARMAZEM TIO JULIO,Vereador,PDT,12000,2,-31.70205,-52.58161
THYZYU,ESC. EST. DR. DARIO DA SILVA TAVARES,Vereador,PDT,12000,17,-31.76636,-52.50173
THYZYU,ESC. EST. PRES. CASTELO BRANCO,Vereador,PDT,12000,39,-31.76505,-52.49741
THYZYU,ESC. MUN. ALVARO BERCHON,Vereador,PDT,12000,1,-31.84948,-52.67278
THYZYU,ESC. MUN. BARAO DE STO. ANGELO,Vereador,PDT,12000,234,-31.75953,-52.43821
THYZYU,ESC. MUN. COM. PARQUE FRAGATA,Vereador,PDT,12000,19,-31.75788,-52.46384
THYZYU,ESC. MUN. PREF. ELBERTO MADRUGA,Vereador,PDT,12000,481,-31.76583,-52.43325
THYZYU,ESC. MUN. PROF. ELMAR DA SILVA COSTA,Vereador,PDT,12000,67,-31.76353,-52.42367
THYZYU,ESC. MUN. PROF. MARGARIDA GASTAL,Vereador,PDT,12000,28,-31.80141,-52.40815
TIGRÃO,E.M.E.F. PROFESSORA DELFINA BORDALO DE PINHO,Vereador,PDT,12333,1,-31.72917,-52.58763
TIGRÃO,ESC. EST. DR. DARIO DA SILVA TAVARES,Vereador,PDT,12333,11,-31.76636,-52.50173
TIGRÃO,ESC. EST. PRES. CASTELO BRANCO,Vereador,PDT,12333,58,-31.76505,-52.49741
TIGRÃO,ESC. MUN. BARAO DE STO. ANGELO,Vereador,PDT,12333,8,-31.75953,-52.43821
TIGRÃO,ESC. MUN. COM. PARQUE FRAGATA,Vereador,PDT,12333,4,-31.75788,-52.46384
TIGRÃO,ESC. MUN. PREF. ELBERTO MADRUGA,Vereador,PDT,12333,6,-31.76583,-52.43325
TIGRÃO,ESC. MUN. PROF. ELMAR DA SILVA COSTA,Vereador,PDT,12333,2,-31.76353,-52.42367
TIGRÃO,ESC. MUN. PROF. MARGARIDA GASTAL,Vereador,PDT,12333,3,-31.80141,-52.40815
TOCO,E.M.E.F. PROFESSORA DELFINA BORDALO DE PINHO,Vereador,PL,22019,2,-31.72917,-52.58763
TOCO,ESC. EST. DR. DARIO DA SILVA TAVARES,Vereador,PL,22019,1,-31.76636,-52.50173
TOCO,ESC. EST. PRES. CASTELO BRANCO,Vereador,PL,22019,2,-31.76505,-52.49741
TOCO,ESC. MUN. ALVARO BERCHON,Vereador,PL,22019,1,-31.84948,-52.67278
TOCO,ESC. MUN. BARAO DE STO. ANGELO,Vereador,PL,22019,4,-31.75953,-52.43821
TOCO,ESC. MUN. PREF. ELBERTO MADRUGA,Vereador,PL,22019,4,-31.76583,-52.43325
TOCO,ESC. MUN. PROF. ELMAR DA SILVA COSTA,Vereador,PL,22019,1,-31.76353,-52.42367
TOCO,ESC. MUN. PROF. MARGARIDA GASTAL,Vereador,PL,22019,2,-31.80141,-52.40815
UNIÃO,ARMAZEM TIO JULIO,Vereador,UNIÃO,44,1,-31.70205,-52.58161
UNIÃO,ESC. EST. DR. DARIO DA SILVA TAVARES,Vereador,UNIÃO,44,2,-31.76636,-52.50173
UNIÃO,ESC. EST. PRES. CASTELO BRANCO,Vereador,UNIÃO,44,2,-31.76505,-52.49741
UNIÃO,ESC. MUN. BARAO DE STO. ANGELO,Vereador,UNIÃO,44,3,-31.75953,-52.43821
UNIÃO,ESC. MUN. PREF. ELBERTO MADRUGA,Vereador,UNIÃO,44,4,-31.76583,-52.43325
UNIÃO,ESC. MUN. PROF. ELMAR DA SILVA COSTA,Vereador,UNIÃO,44,1,-31.76353,-52.42367
VAGNER VASCONCELOS,ARMAZEM TIO JULIO,Vereador,PL,22777,3,-31.70205,-52.58161
VAGNER VASCONCELOS,ESC. EST. DR. DARIO DA SILVA TAVARES,Vereador,PL,22777,2,-31.76636,-52.50173
VAGNER VASCONCELOS,ESC. EST. PRES. CASTELO BRANCO,Vereador,PL,22777,8,-31.76505,-52.49741
VAGNER VASCONCELOS,ESC. MUN. BARAO DE STO. ANGELO,Vereador,PL,22777,2,-31.75953,-52.43821
VAGNER VASCONCELOS,ESC. MUN. COM. PARQUE FRAGATA,Vereador,PL,22777,36,-31.75788,-52.46384
VAGNER VASCONCELOS,ESC. MUN. PREF. ELBERTO MADRUGA,Vereador,PL,22777,4,-31.76583,-52.43325
VAGNER VASCONCELOS,ESC. MUN. PROF. ELMAR DA SILVA COSTA,Vereador,PL,22777,3,-31.76353,-52.42367
VALENTIM AGUIAR DA SILVA,E.M.E.F. PROFESSORA DELFINA BORDALO DE PINHO,Vereador,PP,11230,1,-31.72917,-52.58763
VALENTIM AGUIAR DA SILVA,ESC. EST. DR. DARIO DA SILVA TAVARES,Vereador,PP,11230,15,-31.76636,-52.50173
VALENTIM AGUIAR DA SILVA,ESC. EST. PRES. CASTELO BRANCO,Vereador,PP,11230,96,-31.76505,-52.49741
VALENTIM AGUIAR DA SILVA,ESC. MUN. ALVARO BERCHON,Vereador,PP,11230,3,-31.84948,-52.67278
VALENTIM AGUIAR DA SILVA,ESC. MUN. BARAO DE STO. ANGELO,Vereador,PP,11230,18,-31.75953,-52.43821
VALENTIM AGUIAR DA SILVA,ESC. MUN. COM. PARQUE FRAGATA,Vereador,PP,11230,11,-31.75788,-52.46384
VALENTIM AGUIAR DA SILVA,ESC. MUN. PREF. ELBERTO MADRUGA,Vereador,PP,11230,25,-31.76583,-52.43325
VALENTIM AGUIAR DA SILVA,ESC. MUN. PROF. ELMAR DA SILVA COSTA,Vereador,PP,11230,2,-31.76353,-52.42367
VALENTIM AGUIAR DA SILVA,ESC. MUN. PROF. MARGARIDA GASTAL,Vereador,PP,11230,1,-31.80141,-52.40815
VERINHA ANSELMI,E.M.E.F. PROFESSORA DELFINA BORDALO DE PINHO,Vereador,PL,22555,2,-31.72917,-52.58763
VERINHA ANSELMI,ESC. EST. DR. DARIO DA SILVA TAVARES,Vereador,PL,22555,3,-31.76636,-52.50173
VERINHA ANSELMI,ESC. EST. PRES. CASTELO BRANCO,Vereador,PL,22555,22,-31.76505,-52.49741
VERINHA ANSELMI,ESC. MUN. BARAO DE STO. ANGELO,Vereador,PL,22555,7,-31.75953,-52.43821
VERINHA ANSELMI,ESC. MUN. COM. PARQUE FRAGATA,Vereador,PL,22555,7,-31.75788,-52.46384
VERINHA ANSELMI,ESC. MUN. PREF. ELBERTO MADRUGA,Vereador,PL,22555,1,-31.76583,-52.43325
VERINHA ANSELMI,ESC. MUN. PROF. ELMAR DA SILVA COSTA,Vereador,PL,22555,3,-31.76353,-52.42367
VERINHA ANSELMI,ESC. MUN. PROF. MARGARIDA GASTAL,Vereador,PL,22555,2,-31.80141,-52.40815
VILMAR RATINHO,ESC. EST. DR. DARIO DA SILVA TAVARES,Vereador,PSD,55678,3,-31.76636,-52.50173
VILMAR RATINHO,ESC. MUN. BARAO DE STO. ANGELO,Vereador,PSD,55678,6,-31.75953,-52.43821
VILMAR RATINHO,ESC. MUN. COM. PARQUE FRAGATA,Vereador,PSD,55678,1,-31.75788,-52.46384
VILMAR RATINHO,ESC. MUN. PREF. ELBERTO MADRUGA,Vereador,PSD,55678,27,-31.76583,-52.43325
VILMAR RATINHO,ESC. MUN. PROF. ELMAR DA SILVA COSTA,Vereador,PSD,55678,15,-31.76353,-52.42367
VILMAR RATINHO,ESC. MUN. PROF. MARGARIDA GASTAL,Vereador,PSD,55678,2,-31.80141,-52.40815
VINICIUS BORGES,ARMAZEM TIO JULIO,Vereador,PSD,55155,5,-31.70205,-52.58161
VINICIUS BORGES,ESC. EST. DR. DARIO DA SILVA TAVARES,Vereador,PSD,55155,3,-31.76636,-52.50173
VINICIUS BORGES,ESC. EST. PRES. CASTELO BRANCO,Vereador,PSD,55155,4,-31.76505,-52.49741
VINICIUS BORGES,ESC. MUN. BARAO DE STO. ANGELO,Vereador,PSD,55155,18,-31.75953,-52.43821
VINICIUS BORGES,ESC. MUN. COM. PARQUE FRAGATA,Vereador,PSD,55155,4,-31.75788,-52.46384
VINICIUS BORGES,ESC. MUN. PREF. ELBERTO MADRUGA,Vereador,PSD,55155,28,-31.76583,-52.43325
VINICIUS BORGES,ESC. MUN. PROF. ELMAR DA SILVA COSTA,Vereador,PSD,55155,3,-31.76353,-52.42367
WOLKE RODRIGUES,ARMAZEM TIO JULIO,Vereador,PT,13131,1,-31.70205,-52.58161
WOLKE RODRIGUES,E.M.E.F. PROFESSORA DELFINA BORDALO DE PINHO,Vereador,PT,13131,1,-31.72917,-52.58763
WOLKE RODRIGUES,ESC. EST. DR. DARIO DA SILVA TAVARES,Vereador,PT,13131,5,-31.76636,-52.50173
WOLKE RODRIGUES,ESC. EST. PRES. CASTELO BRANCO,Vereador,PT,13131,16,-31.76505,-52.49741
WOLKE RODRIGUES,ESC. MUN. BARAO DE STO. ANGELO,Vereador,PT,13131,15,-31.75953,-52.43821
WOLKE RODRIGUES,ESC. MUN. COM. PARQUE FRAGATA,Vereador,PT,13131,81,-31.75788,-52.46384
WOLKE RODRIGUES,ESC. MUN. PREF. ELBERTO MADRUGA,Vereador,PT,13131,37,-31.76583,-52.43325
WOLKE RODRIGUES,ESC. MUN. PROF. ELMAR DA SILVA COSTA,Vereador,PT,13131,10,-31.76353,-52.42367
WOLKE RODRIGUES,ESC. MUN. PROF. MARGARIDA GASTAL,Vereador,PT,13131,6,-31.80141,-52.40815
XEXÉU,ESC. EST. DR. DARIO DA SILVA TAVARES,Vereador,PSB,40444,1,-31.76636,-52.50173
XEXÉU,ESC. EST. PRES. CASTELO BRANCO,Vereador,PSB,40444,1,-31.76505,-52.49741
XEXÉU,ESC. MUN. BARAO DE STO. ANGELO,Vereador,PSB,40444,2,-31.75953,-52.43821
XEXÉU,ESC. MUN. COM. PARQUE FRAGATA,Vereador,PSB,40444,1,-31.75788,-52.46384
XEXÉU,ESC. MUN. PREF. ELBERTO MADRUGA,Vereador,PSB,40444,19,-31.76583,-52.43325
XEXÉU,ESC. MUN. PROF. ELMAR DA SILVA COSTA,Vereador,PSB,40444,12,-31.76353,-52.42367
